"yyyy","mm","day","HH","MM","zm","d","z0","u_mean","L","sigma_v","u_star","wind_dir"
2021,7,7,0,0,148,12.654,1.9,7.61206,53.9088,0.407618694370118,0.217309,88.8774
2021,7,7,0,30,148,12.654,1.9,6.13345,99.0582,0.592230529439339,0.207585,98.8409
2021,7,7,1,0,148,12.654,1.9,6.63121,66.8766,1.04189730779957,0.239509,123.241
2021,7,7,1,30,148,12.654,1.9,6.10406,129.971,0.917095414883315,0.259505,160.141
2021,7,7,5,30,148,12.654,1.9,4.58681,-29.2152,0.446618405352937,0.107973,234.264
2021,7,7,6,0,148,12.654,1.9,3.47836,169.156,0.482122391100019,0.199834,235.662
2021,7,7,6,30,148,12.654,1.9,3.24717,161.242,0.367029971528212,0.251957,215.119
2021,7,7,7,0,148,12.654,1.9,5.0176,-115.363,0.42774758912237,0.284492,202.171
2021,7,7,7,30,148,12.654,1.9,5.02439,71.3242,0.323083580517488,0.202663,202.225
2021,7,7,8,0,148,12.654,1.9,4.43293,127.118,0.307846065428811,0.229256,206.205
2021,7,7,8,30,148,12.654,1.9,4.52035,103.702,0.413214230151867,0.2406,204.332
2021,7,7,9,0,148,12.654,1.9,3.62907,811.96,0.426416463096818,0.347577,183.791
2021,7,7,9,30,148,12.654,1.9,4.55461,343.042,0.346083804879685,0.193582,180.807
2021,7,7,10,0,148,12.654,1.9,4.18525,204.354,0.473100412174836,0.237467,179.503
2021,7,7,10,30,148,12.654,1.9,4.23779,296.31,0.387979380895428,0.225863,181.606
2021,7,7,11,0,148,12.654,1.9,3.79464,1861.74,0.227182525736466,0.162141,187.689
2021,7,7,11,30,148,12.654,1.9,3.04907,-1979.93,0.468937095994761,0.480231,177.462
2021,7,7,12,0,148,12.654,1.9,3.20537,8015.86,0.468523211804922,0.545848,165.344
2021,7,7,12,30,148,12.654,1.9,4.04345,1695.39,0.412405140608116,0.319903,162.543
2021,7,7,13,0,148,12.654,1.9,4.28916,317.33,0.43760370199531,0.275623,149.598
2021,7,7,13,30,148,12.654,1.9,4.40563,337.656,0.435065512308204,0.298356,150.409
2021,7,7,14,0,148,12.654,1.9,4.17,781.113,0.661519463054565,0.339946,133.194
2021,7,7,14,30,148,12.654,1.9,4.30527,-381.984,0.707315346928087,0.51659,138.667
2021,7,7,15,0,148,12.654,1.9,4.09327,-2633.53,0.651881891142866,0.461701,134.255
2021,7,7,15,30,148,12.654,1.9,4.17898,-202.828,0.874127565061302,0.338895,136.021
2021,7,7,16,0,148,12.654,1.9,3.30313,-113.025,1.2322215709847,0.545429,135.205
2021,7,7,16,30,148,12.654,1.9,3.50501,-744.346,1.04156612848153,0.567697,140.142
2021,7,7,17,0,148,12.654,1.9,3.54192,-170.705,1.39904967745967,0.507708,138.371
2021,7,7,17,30,148,12.654,1.9,3.35779,-135.882,0.856456070093499,0.402755,151.539
2021,7,7,18,0,148,12.654,1.9,3.05683,-59.3908,0.772937254892013,0.360786,146.575
2021,7,7,18,30,148,12.654,1.9,3.29569,-303.076,0.623005617952198,0.540564,131.389
2021,7,7,19,0,148,12.654,1.9,3.31158,-379.387,0.60620623553375,0.403977,143.193
2021,7,7,19,30,148,12.654,1.9,2.68726,-70904.3,0.675636736715818,0.484792,130.553
2021,7,7,20,0,148,12.654,1.9,3.01049,750.339,0.837323115648911,0.325886,126.519
2021,7,8,0,0,148,12.654,1.9,5.74018,-29.9623,0.275865365713059,0.185434,115.066
2021,7,8,0,30,148,12.654,1.9,6.92462,-88.2448,0.393774046884759,0.382451,120.582
2021,7,8,1,0,148,12.654,1.9,8.95077,-15.1734,0.570100868268064,0.147905,127.885
2021,7,8,1,30,148,12.654,1.9,8.13066,-25.9798,0.362421025880122,0.156387,133.29
2021,7,8,2,0,148,12.654,1.9,9.23764,52.0905,0.342649967167662,0.107599,132.971
2021,7,8,2,30,148,12.654,1.9,9.38633,34.2554,0.469534876233917,0.189222,129.466
2021,7,8,4,30,148,12.654,1.9,8.76209,71.8201,0.398489648548115,0.120611,135.969
2021,7,8,5,0,148,12.654,1.9,8.27428,-89.0537,0.47416136493814,0.148203,133.429
2021,7,8,5,30,148,12.654,1.9,7.46462,-39.7524,0.444906731798924,0.133184,133.731
2021,7,8,6,30,148,12.654,1.9,7.08705,26.5064,0.398650222626302,0.130001,139.742
2021,7,8,7,0,148,12.654,1.9,6.08573,165.903,0.824112249635934,0.400558,130.214
2021,7,8,7,30,148,12.654,1.9,4.38003,-34457.2,0.921092829198013,0.465854,115.74
2021,7,8,8,0,148,12.654,1.9,3.45684,-183.622,0.704962410345403,0.433179,105.752
2021,7,8,8,30,148,12.654,1.9,2.86265,247.84,0.872707281968015,0.531149,111.114
2021,7,8,9,0,148,12.654,1.9,3.82196,-196.544,0.758100916765044,0.373912,114.091
2021,7,8,9,30,148,12.654,1.9,3.50938,-220.917,0.925839078890063,0.585264,104.873
2021,7,8,10,0,148,12.654,1.9,3.4161,-68.1754,0.694083568455557,0.3201,94.4714
2021,7,8,10,30,148,12.654,1.9,4.09976,-103.642,0.814332855778275,0.601316,97.9728
2021,7,8,11,0,148,12.654,1.9,4.98256,-122.371,0.68747290855713,0.454208,101.359
2021,7,8,11,30,148,12.654,1.9,4.94711,-61.5016,0.774605060659947,0.406109,107.648
2021,7,8,12,0,148,12.654,1.9,5.03048,-173.294,1.13556593819998,0.493859,119.039
2021,7,8,12,30,148,12.654,1.9,4.51289,-163.887,0.807384047402474,0.595918,116.157
2021,7,8,13,0,148,12.654,1.9,4.90805,-72.7922,0.901558095743142,0.470183,124.664
2021,7,8,13,30,148,12.654,1.9,4.84866,-70.6996,1.09550445001378,0.366554,108.509
2021,7,8,14,0,148,12.654,1.9,4.76462,-63.549,0.917961328161486,0.400383,112.07
2021,7,8,14,30,148,12.654,1.9,5.01599,-193.938,0.905942603038404,0.566782,118.481
2021,7,8,15,0,148,12.654,1.9,5.47135,-384.78,0.730035615569542,0.575853,114.768
2021,7,8,15,30,148,12.654,1.9,4.93792,-68.9094,0.864105317655203,0.389635,114.485
2021,7,8,16,0,148,12.654,1.9,3.51543,-92.8734,1.00813689546609,0.530575,126.093
2021,7,8,16,30,148,12.654,1.9,3.49059,-33.1628,1.19097439099252,0.359065,109.242
2021,7,8,17,0,148,12.654,1.9,3.99609,-194.653,0.893099098644714,0.392828,104.189
2021,7,8,17,30,148,12.654,1.9,5.9233,382.278,0.497423360931109,0.446498,75.0231
2021,7,8,18,0,148,12.654,1.9,5.42647,1209.34,0.662584334254893,0.302484,71.7692
2021,7,8,18,30,148,12.654,1.9,5.42581,-966.535,0.387413216088455,0.233881,64.6013
2021,7,8,19,0,148,12.654,1.9,4.59282,-103.517,0.446033631019007,0.254441,63.1703
2021,7,8,19,30,148,12.654,1.9,5.19123,-1080.15,0.410336447320976,0.209032,65.6057
2021,7,8,20,0,148,12.654,1.9,4.31715,183.068,0.378885206889897,0.238995,71.4504
2021,7,9,5,30,148,12.654,1.9,4.62617,261.537,0.41718940542636,0.39128,4.4693
2021,7,9,6,0,148,12.654,1.9,5.48214,-112.789,0.497465576698529,0.314805,3.54379
2021,7,9,6,30,148,12.654,1.9,6.07914,2435.24,0.556170837063577,0.270981,2.57431
2021,7,9,7,0,148,12.654,1.9,4.78355,-153.387,0.470020212331342,0.329052,1.96052
2021,7,9,7,30,148,12.654,1.9,4.78717,98.3297,0.468783532133969,0.341887,2.05782
2021,7,9,8,0,148,12.654,1.9,4.05982,304.251,0.71013308611837,0.39901,7.22152
2021,7,9,8,30,148,12.654,1.9,3.39967,-76.9249,0.627922765951355,0.58899,14.1536
2021,7,9,9,0,148,12.654,1.9,4.01531,-253.736,0.795060375065944,0.598712,12.0678
2021,7,9,9,30,148,12.654,1.9,4.45357,-327.331,0.577239984755041,0.447093,18.354
2021,7,9,10,0,148,12.654,1.9,4.38458,-200.984,0.666129116613288,0.677626,19.7816
2021,7,9,10,30,148,12.654,1.9,5.55866,-66.3465,0.607908710251794,0.371455,17.1452
2021,7,9,11,0,148,12.654,1.9,4.92407,-80.8248,0.888843068263459,0.412517,19.8312
2021,7,9,11,30,148,12.654,1.9,4.43379,-87.9702,0.975521399047709,0.570677,12.4577
2021,7,9,12,0,148,12.654,1.9,5.83284,-52.1573,0.647185444830151,0.292727,11.6635
2021,7,9,12,30,148,12.654,1.9,5.41805,-329.937,0.754815871587237,0.607408,23.2034
2021,7,9,13,0,148,12.654,1.9,5.54032,-215.988,0.972972250375107,0.506906,32.0731
2021,7,9,13,30,148,12.654,1.9,4.63492,-533.138,0.698579988261903,0.910437,29.1423
2021,7,9,14,0,148,12.654,1.9,3.58166,-325.666,0.56797711221492,0.343368,11.3614
2021,7,9,14,30,148,12.654,1.9,3.12062,-3224.04,0.495210056440699,0.205513,1.19302
2021,7,9,15,0,148,12.654,1.9,3.05109,-1317.89,0.435011494101018,0.199853,4.54452
2021,7,9,15,30,148,12.654,1.9,3.63069,-2530.06,0.458036024784077,0.295813,352.47
2021,7,9,16,0,148,12.654,1.9,3.67912,4411.28,0.601356799246504,0.397003,3.74488
2021,7,9,16,30,148,12.654,1.9,6.03235,-190.723,0.529760323165108,0.320573,7.29107
2021,7,9,17,0,148,12.654,1.9,6.39101,1286.87,0.767375397051534,0.413952,7.91653
2021,7,9,17,30,148,12.654,1.9,9.64888,-242.858,0.719595719831629,0.551668,21.0806
2021,7,9,18,0,148,12.654,1.9,7.73457,-129.44,1.05229748645523,0.365468,6.8514
2021,7,9,18,30,148,12.654,1.9,5.52342,83.6492,0.647083456750364,0.275558,357.609
2021,7,9,19,0,148,12.654,1.9,5.65182,402.051,0.55310487251515,0.481203,345.607
2021,7,9,19,30,148,12.654,1.9,3.9648,180.614,0.843138778612394,0.463235,348.473
2021,7,9,20,0,148,12.654,1.9,4.10164,252.125,2.14360210860131,0.853161,1.0573
2021,7,9,20,30,148,12.654,1.9,7.62969,46.3702,1.01794400631862,0.281272,328.668
2021,7,9,21,0,148,12.654,1.9,7.15745,106.425,0.533407911452389,0.388834,323.08
2021,7,9,21,30,148,12.654,1.9,7.22447,43.4166,0.947800084405989,0.281767,329.606
2021,7,9,22,0,148,12.654,1.9,5.15315,-180.254,1.23801453949459,0.543079,350.036
2021,7,9,22,30,148,12.654,1.9,7.04855,-32.8997,0.714219154041671,0.177335,316.392
2021,7,9,23,0,148,12.654,1.9,6.30585,59.8358,0.706970296405726,0.324242,305.515
2021,7,9,23,30,148,12.654,1.9,6.57346,49.2335,0.673956971920315,0.239335,305.663
2021,7,10,0,0,148,12.654,1.9,6.99987,113.468,0.65484272921061,0.511473,319.047
2021,7,10,0,30,148,12.654,1.9,9.07336,83.753,0.6910593317509,0.289828,321.556
2021,7,10,1,0,148,12.654,1.9,8.07881,58.2596,0.5131422804642,0.204567,325.189
2021,7,10,1,30,148,12.654,1.9,6.95175,65.7881,0.447277318897348,0.244444,322.846
2021,7,10,2,0,148,12.654,1.9,6.49957,41.3277,0.483032090031294,0.220654,327.118
2021,7,10,2,30,148,12.654,1.9,6.70701,234.433,0.455568875144034,0.247252,329.935
2021,7,10,3,0,148,12.654,1.9,7.65919,120.05,0.371881701620287,0.157272,334.413
2021,7,10,3,30,148,12.654,1.9,6.73901,74.7519,0.48978668826337,0.249924,331.205
2021,7,10,4,0,148,12.654,1.9,6.42473,-177.395,0.785940201287604,0.209875,316.642
2021,7,10,4,30,148,12.654,1.9,5.66267,228.187,0.550685027942471,0.321817,326.038
2021,7,10,5,0,148,12.654,1.9,5.56065,241.707,0.770362901495133,0.48444,320.284
2021,7,10,5,30,148,12.654,1.9,3.93351,999.923,0.614152261251231,0.436485,290.868
2021,7,10,6,0,148,12.654,1.9,4.38022,101.07,0.761158327813603,0.211032,273.594
2021,7,10,6,30,148,12.654,1.9,6.54873,-138.65,0.992977341131206,0.587271,263.55
2021,7,10,7,0,148,12.654,1.9,7.45651,-159.371,1.63769960615493,1.11351,274.921
2021,7,10,7,30,148,12.654,1.9,5.99637,-159.85,0.878034167900088,0.881171,298.757
2021,7,10,8,0,148,12.654,1.9,4.55067,-152.38,0.896160699874749,0.845351,277.936
2021,7,10,8,30,148,12.654,1.9,5.51912,-110.468,1.26278660113259,0.602546,306.215
2021,7,10,9,0,148,12.654,1.9,3.10398,-123.485,0.561446346501605,0.741828,326.063
2021,7,10,9,30,148,12.654,1.9,2.68639,-73.4636,0.398902243663783,0.504965,335.629
2021,7,10,10,0,148,12.654,1.9,1.78784,-60.6897,0.318813425062371,0.473327,335.282
2021,7,10,10,30,148,12.654,1.9,2.22437,-90.104,0.677673225087136,0.533236,239.275
2021,7,10,11,0,148,12.654,1.9,3.01385,-44.55,0.607989309116534,0.348842,242.094
2021,7,10,11,30,148,12.654,1.9,2.79209,-81.272,0.666426289997626,0.399641,247.016
2021,7,10,12,0,148,12.654,1.9,3.22684,-47.8964,0.439589581314207,0.269889,249.042
2021,7,10,12,30,148,12.654,1.9,4.82229,-83.8761,0.625650061935584,0.317301,268.041
2021,7,10,13,0,148,12.654,1.9,3.81994,-260.189,0.656334518366968,0.565148,252.527
2021,7,10,13,30,148,12.654,1.9,5.02802,-1179.78,0.905612499913732,0.467995,236.655
2021,7,10,14,0,148,12.654,1.9,6.36929,-15356.3,1.00998019782568,0.661655,232.992
2021,7,10,14,30,148,12.654,1.9,6.71427,3240.96,0.99808516670673,0.710949,238.014
2021,7,10,15,0,148,12.654,1.9,7.76031,-3015.85,1.27908951993205,0.756842,233.797
2021,7,10,15,30,148,12.654,1.9,8.56853,-1879.92,1.15280961134092,0.933229,236.567
2021,7,10,16,0,148,12.654,1.9,8.50552,-1017.89,1.27633851309126,0.765371,231.425
2021,7,10,16,30,148,12.654,1.9,7.4476,-1231.68,1.09146690284223,0.848777,237.032
2021,7,10,17,0,148,12.654,1.9,7.45874,2115.02,1.37839036560765,0.882241,232.665
2021,7,10,17,30,148,12.654,1.9,7.38089,-6404.75,1.23718632388173,0.565007,231.192
2021,7,10,18,0,148,12.654,1.9,6.43275,2692.89,1.01693165945407,0.717628,230.559
2021,7,10,18,30,148,12.654,1.9,6.19313,-11247.6,0.943312779516953,0.572589,224.795
2021,7,10,19,0,148,12.654,1.9,4.98362,1113.25,0.915276460966849,0.690744,225.216
2021,7,10,19,30,148,12.654,1.9,5.15257,750.273,0.932195258516154,0.474449,222.035
2021,7,10,20,0,148,12.654,1.9,4.20227,809.06,0.929891391507632,0.476551,204.925
2021,7,10,20,30,148,12.654,1.9,3.98565,231.11,0.699493388103133,0.245106,182.585
2021,7,10,21,0,148,12.654,1.9,3.78499,136.842,0.570054383370569,0.258247,161.702
2021,7,10,21,30,148,12.654,1.9,4.80785,80.1585,0.774309369696635,0.217158,167.664
2021,7,10,22,0,148,12.654,1.9,5.7418,113.062,0.600458991105971,0.243956,187.084
2021,7,10,22,30,148,12.654,1.9,5.20392,195.518,0.510995107608674,0.347562,193.82
2021,7,10,23,0,148,12.654,1.9,5.57091,165.46,0.458809328588685,0.247873,196.977
2021,7,10,23,30,148,12.654,1.9,5.656,1470.31,0.668937216784954,0.233755,193.937
2021,7,11,0,0,148,12.654,1.9,5.66589,78.0124,0.353990112856277,0.167725,197.314
2021,7,11,0,30,148,12.654,1.9,5.80857,787.031,0.344225216972842,0.212258,199.384
2021,7,11,1,0,148,12.654,1.9,5.67967,117.346,0.843288206961297,0.401634,216.568
2021,7,11,1,30,148,12.654,1.9,3.90235,183.315,0.390278105970601,0.331092,227.702
2021,7,11,2,0,148,12.654,1.9,4.04072,119.719,0.637293495965556,0.183945,229.329
2021,7,11,2,30,148,12.654,1.9,4.04178,57.8757,0.340089694051437,0.17164,235.614
2021,7,11,3,0,148,12.654,1.9,3.14262,-1006.4,0.519528632512203,0.27875,218.057
2021,7,11,3,30,148,12.654,1.9,4.66097,167.141,0.280678641866459,0.172289,218.651
2021,7,11,4,30,148,12.654,1.9,4.6352,1232.34,0.339256540099082,0.166015,207.232
2021,7,11,5,0,148,12.654,1.9,4.17165,184.931,0.2162812983131,0.134616,202.857
2021,7,11,6,0,148,12.654,1.9,4.1259,-360.345,0.21348044406924,0.111818,184.023
2021,7,11,6,30,148,12.654,1.9,3.68615,51.0136,0.456464675522652,0.222177,188.168
2021,7,11,7,0,148,12.654,1.9,2.63257,248.514,0.646154780219105,0.466223,183.731
2021,7,11,7,30,148,12.654,1.9,2.73406,-290.691,0.589852523941366,0.455995,187.59
2021,7,11,8,0,148,12.654,1.9,2.74066,-57.6244,0.672122756644945,0.324454,178.164
2021,7,11,8,30,148,12.654,1.9,2.36393,-26.3905,0.567043208230202,0.268272,180.154
2021,7,11,9,0,148,12.654,1.9,2.25517,-19.4763,0.94096546164033,0.256567,182.378
2021,7,11,9,30,148,12.654,1.9,2.64034,-561.283,0.66317116945778,0.314784,183.935
2021,7,11,10,0,148,12.654,1.9,3.04035,-292.997,0.766552672684663,0.369271,170.332
2021,7,11,10,30,148,12.654,1.9,3.3479,-65.1265,1.00515670420089,0.605934,171.182
2021,7,11,11,0,148,12.654,1.9,2.94315,-63.5855,1.01393293663832,0.494436,213.831
2021,7,11,11,30,148,12.654,1.9,2.31666,-96.3786,0.730302676977156,0.780076,189.14
2021,7,11,12,30,148,12.654,1.9,1.31766,-161.04,0.895516052340772,0.427605,211.376
2021,7,11,13,0,148,12.654,1.9,1.50896,-108.144,1.21784235432998,0.821416,175.263
2021,7,11,13,30,148,12.654,1.9,2.03556,-35.6405,1.22334786549043,0.444663,228.232
2021,7,11,14,0,148,12.654,1.9,1.23187,-231.135,1.36122004099264,0.912458,250.96
2021,7,11,14,30,148,12.654,1.9,1.72366,-141.083,1.38982013224734,0.733995,214.06
2021,7,11,15,0,148,12.654,1.9,1.58402,-72.6887,1.23362879343829,0.612705,223.029
2021,7,11,15,30,148,12.654,1.9,1.64434,-14.5008,0.840064283254561,0.253213,181.338
2021,7,11,16,0,148,12.654,1.9,1.45798,-114.113,0.857799510375239,0.629768,201.049
2021,7,11,16,30,148,12.654,1.9,0.826673,-34.6673,0.958041752743585,0.334188,268.016
2021,7,11,17,0,148,12.654,1.9,1.60241,-70.6492,0.91598744532881,0.38358,271.416
2021,7,11,17,30,148,12.654,1.9,1.9392,-20.0638,0.987066867035866,0.287233,294.86
2021,7,11,18,0,148,12.654,1.9,1.66543,-17.9959,0.669466205271035,0.196778,302.356
2021,7,12,4,30,148,12.654,1.9,8.47271,-71.9708,0.185487465883817,0.120856,73.8028
2021,7,12,5,30,148,12.654,1.9,9.06098,13.4103,0.410192637671619,0.118988,66.2078
2021,7,12,6,0,148,12.654,1.9,9.14757,-9.76422,0.518206522537106,0.116168,57.8134
2021,7,12,6,30,148,12.654,1.9,8.66185,20.7351,0.535180343435743,0.160757,51.045
2021,7,12,7,0,148,12.654,1.9,8.07602,40.908,0.387756366807819,0.193455,47.9679
2021,7,12,7,30,148,12.654,1.9,6.0832,170.895,0.467252608339429,0.26733,43.7341
2021,7,12,8,0,148,12.654,1.9,6.20953,154.364,0.511912101829992,0.287252,40.0126
2021,7,12,8,30,148,12.654,1.9,6.76392,152.901,0.812017241196269,0.336516,44.1828
2021,7,12,9,0,148,12.654,1.9,6.49408,-317.382,1.060207526855,0.61578,55.7614
2021,7,12,9,30,148,12.654,1.9,7.29288,-153.085,0.855237978576723,0.554951,55.3088
2021,7,12,10,0,148,12.654,1.9,8.66141,-236.947,0.813477104779231,0.508317,59.0364
2021,7,12,10,30,148,12.654,1.9,8.32824,-115.254,0.988029351790725,0.494769,58.4707
2021,7,12,11,0,148,12.654,1.9,7.71814,-182.668,1.41611087136566,0.651871,57.2886
2021,7,12,11,30,148,12.654,1.9,7.95869,-301.023,1.04531813339289,1.0325,59.7896
2021,7,12,12,0,148,12.654,1.9,8.17217,-89.146,0.915906108725125,0.453984,56.3283
2021,7,12,12,30,148,12.654,1.9,8.39372,-157.357,0.835449579567792,0.514471,61.4622
2021,7,12,13,0,148,12.654,1.9,7.4186,-77.2653,1.36603806681952,0.621881,45.9726
2021,7,12,13,30,148,12.654,1.9,6.90462,-301.788,1.77315819937196,0.930371,50.5951
2021,7,12,14,0,148,12.654,1.9,6.93736,-69.6988,1.31498669194787,0.578784,54.6884
2021,7,12,14,30,148,12.654,1.9,6.53839,-166.333,1.22218247410115,0.885477,54.5924
2021,7,12,15,0,148,12.654,1.9,6.88795,-243.91,1.1886547017532,0.989571,55.2364
2021,7,12,15,30,148,12.654,1.9,7.99493,-104.842,1.0746906531649,0.603799,55.6846
2021,7,12,16,0,148,12.654,1.9,7.45972,-27.1511,1.4138422825761,0.387711,49.321
2021,7,12,16,30,148,12.654,1.9,7.51797,-93.9968,0.915718297294534,0.48399,56.9674
2021,7,12,17,0,148,12.654,1.9,7.37653,-350.554,1.09751993148188,0.69938,50.1726
2021,7,12,17,30,148,12.654,1.9,7.42979,-258.122,1.41444335340798,0.610091,42.982
2021,7,12,18,0,148,12.654,1.9,7.40779,-90.7779,0.914844249039147,0.425261,49.4783
2021,7,12,18,30,148,12.654,1.9,7.35705,-468.03,0.964868384806964,0.688464,46.0596
2021,7,12,19,0,148,12.654,1.9,7.41259,-680.768,0.841332871103941,0.450303,58.1854
2021,7,12,19,30,148,12.654,1.9,6.52884,-1329.9,0.93795309051146,0.492058,57.5172
2021,7,12,20,0,148,12.654,1.9,7.10423,-253.581,0.849910583532174,0.801163,57.5835
2021,7,12,20,30,148,12.654,1.9,8.06808,3834.56,0.836462790565127,0.631738,50.8897
2021,7,12,21,0,148,12.654,1.9,6.50841,4249.36,0.695664430598547,0.425322,42.6005
2021,7,12,21,30,148,12.654,1.9,8.00242,534.908,0.617988673035356,0.442709,48.4765
2021,7,12,22,0,148,12.654,1.9,8.58683,216.166,0.655158759385845,0.379732,51.2326
2021,7,12,22,30,148,12.654,1.9,10.1514,135.054,0.820349315840514,0.462937,44.7195
2021,7,12,23,0,148,12.654,1.9,12.1817,45.4457,0.45576419341585,0.207235,41.9698
2021,7,12,23,30,148,12.654,1.9,11.6843,37.3283,0.373756605292803,0.176489,42.4786
2021,7,13,0,0,148,12.654,1.9,11.3044,45.927,0.437583134958376,0.204511,37.7498
2021,7,13,0,30,148,12.654,1.9,10.7167,102.213,0.594057236299668,0.321477,34.538
2021,7,13,1,0,148,12.654,1.9,10.3499,111.912,0.50118160381243,0.339438,32.5244
2021,7,13,1,30,148,12.654,1.9,10.1906,50.3674,0.37524658559406,0.165847,29.2006
2021,7,13,2,30,148,12.654,1.9,9.70206,42.0688,0.514796076131122,0.206077,27.3243
2021,7,13,3,0,148,12.654,1.9,11.3059,62.1754,0.483078668541678,0.242108,27.1338
2021,7,13,3,30,148,12.654,1.9,10.7703,37.1808,0.481549582078523,0.20025,22.9821
2021,7,13,4,0,148,12.654,1.9,10.1979,50.1203,0.650801813150517,0.146313,29.9752
2021,7,13,4,30,148,12.654,1.9,9.12122,42.1446,0.633717602722222,0.231841,27.8831
2021,7,13,5,0,148,12.654,1.9,9.11618,23.4965,0.671386624829539,0.130455,23.4934
2021,7,13,5,30,148,12.654,1.9,10.4231,44.947,0.534824270204709,0.160584,22.212
2021,7,13,6,0,148,12.654,1.9,10.5441,32.4303,0.443702603102574,0.208792,25.4662
2021,7,13,6,30,148,12.654,1.9,9.25393,139.963,0.742457406185702,0.381054,26.4339
2021,7,13,7,0,148,12.654,1.9,9.37139,243.5,0.916852768987475,0.512829,32.7774
2021,7,13,7,30,148,12.654,1.9,9.44498,-2769.93,1.01810117375436,0.694441,36.8564
2021,7,13,8,0,148,12.654,1.9,8.23793,-744.569,1.06416634038105,0.763775,39.2633
2021,7,13,8,30,148,12.654,1.9,8.28042,-290.935,0.748936579424453,0.552671,39.6436
2021,7,13,9,0,148,12.654,1.9,7.63663,-366.364,0.806891566444959,0.583138,39.6254
2021,7,13,9,30,148,12.654,1.9,8.91484,-350.558,0.945051850429383,0.506161,39.9509
2021,7,13,10,0,148,12.654,1.9,8.05757,-278.379,1.08388652542598,0.775238,39.3203
2021,7,13,10,30,148,12.654,1.9,8.49867,-834.569,1.20423004446825,0.83257,40.8782
2021,7,13,11,0,148,12.654,1.9,9.88926,-137.588,1.13829258101773,0.57525,49.7475
2021,7,13,11,30,148,12.654,1.9,9.2327,-280.083,1.60840604326146,0.890297,55.0665
2021,7,13,12,0,148,12.654,1.9,9.14812,-279.955,1.18542819267976,1.01088,59.0215
2021,7,13,12,30,148,12.654,1.9,8.95837,-135.258,1.37066772049246,0.67543,58.1529
2021,7,13,13,0,148,12.654,1.9,7.85116,-94.2331,1.62473690177825,0.684146,67.0023
2021,7,13,13,30,148,12.654,1.9,8.05063,-237.038,1.03037857120575,0.663692,61.7889
2021,7,13,14,0,148,12.654,1.9,7.96554,-61.5476,0.928106136171936,0.553426,59.3764
2021,7,13,14,30,148,12.654,1.9,7.19306,-226.544,1.0564942025397,0.555283,64.7842
2021,7,13,15,0,148,12.654,1.9,7.02872,-238.15,0.897024525863145,0.729439,62.5168
2021,7,13,15,30,148,12.654,1.9,5.84687,-243.825,1.18649905183274,0.466983,65.8373
2021,7,13,16,0,148,12.654,1.9,5.16534,-106.72,1.22839325950609,0.657515,61.8032
2021,7,13,16,30,148,12.654,1.9,4.21895,-203.198,1.07806771586946,0.776563,60.4376
2021,7,13,17,0,148,12.654,1.9,4.84145,-212.844,0.957334842152943,0.592357,53.4193
2021,7,13,17,30,148,12.654,1.9,5.70166,-80.0486,1.06246411704114,0.464585,54.5886
2021,7,13,18,0,148,12.654,1.9,5.84394,-173.655,1.13530612611753,0.48838,63.1837
2021,7,13,18,30,148,12.654,1.9,5.59049,-86.1913,0.706896739276678,0.344428,61.6287
2021,7,13,19,0,148,12.654,1.9,5.56975,-52.7362,1.05037136289981,0.257347,46.0044
2021,7,13,19,30,148,12.654,1.9,5.40661,-614.824,0.642473345750623,0.492672,45.7998
2021,7,13,20,0,148,12.654,1.9,5.51266,-546.036,0.681934747611529,0.358772,54.6751
2021,7,13,20,30,148,12.654,1.9,4.23215,126.667,0.381101036471957,0.272733,51.9335
2021,7,14,5,0,148,12.654,1.9,9.08848,-10.6943,0.397307185940552,0.153338,44.3604
2021,7,14,6,0,148,12.654,1.9,10.0223,19.7736,0.519109814971746,0.213182,46.2471
2021,7,14,6,30,148,12.654,1.9,9.31484,11.9545,0.362116003512687,0.178694,47.6695
2021,7,14,7,0,148,12.654,1.9,8.93968,34.0088,0.3573219836506,0.216345,48.0817
2021,7,14,7,30,148,12.654,1.9,7.12424,94.6213,0.604192022456437,0.303741,47.4573
2021,7,14,8,0,148,12.654,1.9,5.27263,3142.49,0.645512199729796,0.404975,46.1265
2021,7,14,8,30,148,12.654,1.9,4.35918,-70.9906,0.578883407950167,0.393816,47.9074
2021,7,14,9,0,148,12.654,1.9,4.49802,-298.393,0.497432407468593,0.540481,38.6662
2021,7,14,9,30,148,12.654,1.9,4.33643,-49.3311,0.579623153436783,0.237287,38.2335
2021,7,14,10,0,148,12.654,1.9,4.55194,-44.0243,0.871006888606514,0.532803,36.2293
2021,7,14,10,30,148,12.654,1.9,4.76054,-157.53,0.812368143146936,0.657935,31.731
2021,7,14,11,0,148,12.654,1.9,5.11249,-14.2154,0.777856027809774,0.268367,28.9698
2021,7,14,11,30,148,12.654,1.9,5.99139,-24.8551,0.778472221726633,0.360584,41.1945
2021,7,14,12,0,148,12.654,1.9,6.03391,-25.0755,1.13930680679087,0.397366,44.1323
2021,7,14,12,30,148,12.654,1.9,6.28376,-85.8829,0.946652523368527,0.607737,54.0334
2021,7,14,13,0,148,12.654,1.9,6.47529,-98.7623,1.30532754510123,0.741292,62.134
2021,7,14,13,30,148,12.654,1.9,7.08114,-71.8188,0.980299444047583,0.550976,56.9195
2021,7,14,14,0,148,12.654,1.9,6.76667,-121.288,0.869904017693906,0.554637,60.6991
2021,7,14,14,30,148,12.654,1.9,6.4721,-77.2696,1.12845469559039,0.492169,47.3066
2021,7,14,15,0,148,12.654,1.9,6.33691,-60.4115,0.70410297542334,0.471149,47.8673
2021,7,14,15,30,148,12.654,1.9,5.89312,-75.4681,1.01745270160337,0.429693,58.8222
2021,7,14,16,0,148,12.654,1.9,5.59303,-161.214,0.807551855920101,0.625114,57.5657
2021,7,14,16,30,148,12.654,1.9,5.96784,-86.2851,1.01137035748533,0.571919,49.9695
2021,7,14,17,0,148,12.654,1.9,6.48325,-112.16,0.870676748282622,0.628044,51.1451
2021,7,14,17,30,148,12.654,1.9,7.44267,-140.687,0.831823298543627,0.307395,59.8687
2021,7,14,18,0,148,12.654,1.9,7.00822,-475.802,0.709286965903082,0.563811,46.503
2021,7,14,18,30,148,12.654,1.9,5.96801,-97.0962,0.707991525373009,0.486292,36.3399
2021,7,14,19,0,148,12.654,1.9,4.67936,-226.692,1.06915387105879,0.423635,58.4165
2021,7,14,19,30,148,12.654,1.9,5.69752,-374.841,0.620234633022052,0.510977,53.9464
2021,7,14,20,0,148,12.654,1.9,6.2631,23.1151,0.399532226484923,0.146815,55.4257
2021,7,15,6,30,148,12.654,1.9,6.51491,71.5505,0.504805903293533,0.218766,42.1852
2021,7,15,7,0,148,12.654,1.9,6.79186,49.1057,0.363968405222212,0.120755,41.4616
2021,7,15,7,30,148,12.654,1.9,5.43755,62.3183,0.822496200599127,0.363933,29.1182
2021,7,15,8,0,148,12.654,1.9,3.38612,-250.14,0.537848491677721,0.465382,30.7345
2021,7,15,8,30,148,12.654,1.9,3.57902,-23.7135,0.551146078639774,0.289008,61.0834
2021,7,15,9,0,148,12.654,1.9,3.98223,-157.854,0.620343453257951,0.345915,60.1326
2021,7,15,9,30,148,12.654,1.9,2.334,-95.9867,0.400564601531388,0.320236,46.1831
2021,7,15,10,0,148,12.654,1.9,0.862723,715.503,0.657714983864592,0.455854,22.3792
2021,7,15,10,30,148,12.654,1.9,1.75091,-38.1952,0.70869669111687,0.362403,330.953
2021,7,15,11,0,148,12.654,1.9,2.21008,-117.316,0.927435712057715,0.749287,0.980836
2021,7,15,11,30,148,12.654,1.9,1.55621,-83.9468,0.852797162284209,0.485691,349.484
2021,7,15,12,0,148,12.654,1.9,2.08603,-919.91,0.886090853129633,0.612794,357.825
2021,7,15,12,30,148,12.654,1.9,2.4632,-106.323,0.756411924813458,0.473794,334.256
2021,7,15,13,0,148,12.654,1.9,2.67398,-30.2229,1.12462438173819,0.3923,353.94
2021,7,15,13,30,148,12.654,1.9,3.93818,-28.557,0.787285843896612,0.416082,32.7579
2021,7,15,14,0,148,12.654,1.9,3.29571,-110.31,0.774185378317106,0.449024,72.307
2021,7,15,14,30,148,12.654,1.9,3.58617,-62.6183,0.889370563938339,0.435766,67.2757
2021,7,15,15,0,148,12.654,1.9,2.38164,-304.784,0.595026890148672,0.413895,66.7259
2021,7,15,15,30,148,12.654,1.9,1.69862,-156.7,0.435700585264698,0.233316,80.6397
2021,7,15,16,0,148,12.654,1.9,1.81275,-187.044,1.09146690284223,0.80727,158.105
2021,7,15,16,30,148,12.654,1.9,2.87855,-719.652,1.0061858675215,0.479725,157.705
2021,7,15,17,0,148,12.654,1.9,2.30975,-462.378,1.33672360643478,0.707593,171.642
2021,7,15,17,30,148,12.654,1.9,3.11937,-218.942,0.830488410515162,0.756532,235.94
2021,7,15,18,0,148,12.654,1.9,4.06301,-511.511,0.508772051119163,0.334376,260.111
2021,7,15,18,30,148,12.654,1.9,3.74191,771.794,0.466141609384959,0.346125,264.36
2021,7,15,19,0,148,12.654,1.9,3.0511,510.248,0.483746834614967,0.311436,261.751
2021,7,15,19,30,148,12.654,1.9,2.69222,2549.27,0.479406925273301,0.428798,267.496
2021,7,15,20,0,148,12.654,1.9,4.0705,-31365,0.363355198118866,0.291091,273.785
2021,7,16,6,0,148,12.654,1.9,6.41895,-34.6033,0.710394960567711,0.119852,335.525
2021,7,16,6,30,148,12.654,1.9,6.67668,-62.3929,0.766054175629896,0.296199,340.632
2021,7,16,7,0,148,12.654,1.9,4.88366,145.199,0.780752841813592,0.46605,353.897
2021,7,16,7,30,148,12.654,1.9,3.90193,25.6582,0.618909524890351,0.257717,358.42
2021,7,16,8,0,148,12.654,1.9,4.05171,133.483,0.549298643726707,0.360044,6.27981
2021,7,16,8,30,148,12.654,1.9,4.62571,77.1562,0.421140119200249,0.26034,12.9071
2021,7,16,9,0,148,12.654,1.9,4.99489,60.3987,0.569102802663983,0.197416,17.7103
2021,7,16,9,30,148,12.654,1.9,4.19188,-184.53,0.534853250901591,0.482248,19.085
2021,7,16,10,30,148,12.654,1.9,3.1805,-40.1198,0.720662195484126,0.493943,32.2566
2021,7,16,11,0,148,12.654,1.9,2.91212,-14.4972,0.994785403994248,0.353163,28.381
2021,7,16,11,30,148,12.654,1.9,3.00461,-178.019,0.598248276219832,0.537308,27.5382
2021,7,16,12,0,148,12.654,1.9,2.80996,-120.039,1.01854798610571,0.525045,4.99415
2021,7,16,12,30,148,12.654,1.9,2.41935,-17.1268,0.750564454260925,0.196669,331.405
2021,7,16,13,0,148,12.654,1.9,3.50607,-37.5264,0.953541294333916,0.45683,326.186
2021,7,16,13,30,148,12.654,1.9,2.92287,-304.713,0.748328804737597,0.268395,319.977
2021,7,16,14,0,148,12.654,1.9,3.05278,-58.8112,1.97835537758007,0.434884,321.606
2021,7,16,14,30,148,12.654,1.9,3.45907,559.829,0.713326713364921,0.553846,14.9197
2021,7,16,15,0,148,12.654,1.9,1.66397,-697.245,1.46793051606675,1.4072,343.731
2021,7,16,15,30,148,12.654,1.9,5.2538,-573.006,1.84655896196141,0.649805,297.393
2021,7,16,16,0,148,12.654,1.9,5.74615,99.1291,0.66702398757466,0.336746,317.115
2021,7,16,16,30,148,12.654,1.9,6.15373,11587.5,1.97597064755527,0.684203,352.424
2021,7,16,17,0,148,12.654,1.9,7.28768,521.149,1.43531181281281,0.609467,11.3139
2021,7,16,17,30,148,12.654,1.9,4.56946,-595.995,2.31205103749896,0.489489,21.6587
2021,7,16,18,0,148,12.654,1.9,4.46498,496.22,0.650849444956359,0.351821,66.0674
2021,7,16,18,30,148,12.654,1.9,4.88515,-621.243,1.40333531274603,0.367942,76.9191
2021,7,16,19,0,148,12.654,1.9,4.23998,459.469,0.954555917691572,0.519304,109.025
2021,7,16,19,30,148,12.654,1.9,2.33372,1033.02,0.826784736191955,0.176586,107.769
2021,7,16,22,0,148,12.654,1.9,3.16475,423.079,0.569813127261912,0.281257,100.976
2021,7,17,0,30,148,12.654,1.9,4.47898,31.9749,0.297773235869176,0.113243,131.909
2021,7,17,1,0,148,12.654,1.9,4.54984,190.936,0.488152640062512,0.339045,126.826
2021,7,17,1,30,148,12.654,1.9,4.6454,470.431,0.765130054304495,0.274042,136.925
2021,7,17,3,0,148,12.654,1.9,3.48962,315.026,0.314514387588231,0.357135,173.681
2021,7,17,4,0,148,12.654,1.9,2.71771,1004.85,0.623769188081617,0.315098,204.102
2021,7,17,5,0,148,12.654,1.9,1.95424,-80.8366,0.420455705158106,0.139822,232.14
2021,7,17,5,30,148,12.654,1.9,1.13862,-434.981,0.627184183474041,0.356935,208.763
2021,7,17,6,0,148,12.654,1.9,1.92091,-85.6401,0.43438347114042,0.310564,229.088
2021,7,17,6,30,148,12.654,1.9,1.69779,-52.1417,0.27290053132964,0.179449,211.089
2021,7,17,7,0,148,12.654,1.9,1.61541,-109.772,0.39345139471096,0.270824,236.756
2021,7,17,7,30,148,12.654,1.9,1.59328,-19.1774,0.321249124512426,0.215322,240.695
2021,7,17,8,0,148,12.654,1.9,1.02892,-38.0253,0.404685062733973,0.255886,271.463
2021,7,17,8,30,148,12.654,1.9,1.03647,-23.6311,0.507808034595752,0.239759,253.703
2021,7,17,9,0,148,12.654,1.9,1.60354,-16.6075,0.520408493397254,0.140361,262.014
2021,7,17,9,30,148,12.654,1.9,1.69999,-78.5498,0.580310261842749,0.352269,260.079
2021,7,17,10,0,148,12.654,1.9,2.38822,-85.0708,0.629724542955092,0.354703,248.93
2021,7,17,10,30,148,12.654,1.9,1.95916,-39.743,0.77489354107516,0.343542,263.832
2021,7,17,11,0,148,12.654,1.9,2.35319,-136.705,0.924691840560951,0.560395,233.555
2021,7,17,12,0,148,12.654,1.9,1.82766,-55.0536,0.925282659515459,0.347554,245.767
2021,7,17,12,30,148,12.654,1.9,2.09313,-50.3084,0.958345970931166,0.557517,238.175
2021,7,17,13,0,148,12.654,1.9,2.65118,-51.758,1.33820775666561,0.456443,226.635
2021,7,17,13,30,148,12.654,1.9,3.27563,-75.8443,0.990721958977391,0.484147,243.684
2021,7,17,14,0,148,12.654,1.9,3.93223,-57.2534,1.14203765261921,0.555185,233.569
2021,7,17,14,30,148,12.654,1.9,3.90107,-90.4556,1.08108741552198,0.645295,234.807
2021,7,17,15,0,148,12.654,1.9,3.81212,-100.126,1.15406672250785,0.648015,243.254
2021,7,17,15,30,148,12.654,1.9,4.40995,-119.898,1.09872653558563,0.574401,243.746
2021,7,17,16,0,148,12.654,1.9,5.20507,-149.242,1.11024772010574,0.673928,248.105
2021,7,17,16,30,148,12.654,1.9,5.07686,-155.325,1.5925011773936,0.746845,255.569
2021,7,17,17,0,148,12.654,1.9,5.44984,-143.675,0.919702669344827,0.651048,242.436
2021,7,17,17,30,148,12.654,1.9,5.35733,-312.25,1.04623133197205,0.887577,253.448
2021,7,17,18,0,148,12.654,1.9,6.09087,-555.24,0.887048476691099,0.665498,249.285
2021,7,17,18,30,148,12.654,1.9,6.02915,-270.851,1.03096556683528,0.884509,253.105
2021,7,17,19,0,148,12.654,1.9,6.44506,-530.972,0.835749364343162,0.893718,256.746
2021,7,17,19,30,148,12.654,1.9,6.26961,-5298.5,0.692281734556098,0.576096,250.044
2021,7,17,20,0,148,12.654,1.9,7.05223,1573.15,0.923777029374513,0.636465,253.617
2021,7,17,20,30,148,12.654,1.9,7.0635,465.038,0.829960842449811,0.546786,261.735
2021,7,17,21,0,148,12.654,1.9,8.7066,353.771,0.752563618573207,0.512442,261.111
2021,7,17,21,30,148,12.654,1.9,9.00842,220.028,0.622375288712526,0.315254,256.812
2021,7,17,22,0,148,12.654,1.9,9.39301,242.386,0.598511486940727,0.351842,256.837
2021,7,17,22,30,148,12.654,1.9,8.30666,254.317,0.694536536115992,0.494884,256.392
2021,7,17,23,0,148,12.654,1.9,6.91409,227.321,0.523769987685434,0.330114,250.508
2021,7,17,23,30,148,12.654,1.9,8.1696,248.549,0.63298578183084,0.42071,254.96
2021,7,18,0,0,148,12.654,1.9,8.91026,188.088,0.665801772301636,0.42325,254.826
2021,7,18,0,30,148,12.654,1.9,8.97328,215.357,0.633602398985357,0.473113,256.961
2021,7,18,1,0,148,12.654,1.9,8.66196,230.391,0.481865126357988,0.388585,254.761
2021,7,18,1,30,148,12.654,1.9,8.3129,210.892,0.498025099769078,0.343419,253.51
2021,7,18,2,0,148,12.654,1.9,7.57486,230.054,0.593541068503267,0.335314,249.979
2021,7,18,2,30,148,12.654,1.9,6.98285,753.112,0.94147862429266,0.636974,252.512
2021,7,18,3,0,148,12.654,1.9,7.32256,948.098,0.978435485865062,0.6064,252.873
2021,7,18,3,30,148,12.654,1.9,6.79604,896.922,0.897236312238866,0.541807,252.829
2021,7,18,4,0,148,12.654,1.9,7.52543,1028.63,0.921179135673404,0.647476,252.904
2021,7,18,4,30,148,12.654,1.9,7.39787,3216.79,0.93898349293265,0.675109,251.554
2021,7,18,5,0,148,12.654,1.9,7.42143,18403.9,1.03752590329109,0.667334,249.264
2021,7,18,5,30,148,12.654,1.9,7.30441,11412.1,1.07645715195729,0.937067,252.699
2021,7,18,6,0,148,12.654,1.9,8.55017,-20472.6,1.15970254806998,0.85313,257.38
2021,7,18,6,30,148,12.654,1.9,7.47724,-3678.58,1.13216164923566,0.765915,254.496
2021,7,18,7,0,148,12.654,1.9,9.77178,-1641.59,1.44883401395743,1.05868,261.429
2021,7,18,7,30,148,12.654,1.9,9.57394,-1685.09,1.45400481429739,1.29374,263.906
2021,7,18,8,0,148,12.654,1.9,8.64645,-713.076,1.3668357618968,0.999984,258.721
2021,7,18,8,30,148,12.654,1.9,7.25019,-689.7,1.27544502037524,0.956217,253.689
2021,7,18,9,0,148,12.654,1.9,7.08456,-3266.7,1.4121650045232,1.02327,252.83
2021,7,18,9,30,148,12.654,1.9,7.95915,-488.525,1.45979108094275,0.898115,249.352
2021,7,18,10,0,148,12.654,1.9,6.95864,-484.244,1.48780038983729,0.81173,248.013
2021,7,18,10,30,148,12.654,1.9,8.4581,-549.018,1.55848644524102,1.37801,252.062
2021,7,18,11,0,148,12.654,1.9,10.1126,-358.231,1.78296943327697,0.925985,249.868
2021,7,18,11,30,148,12.654,1.9,10.4177,-394.752,1.66130069523852,1.06399,254.415
2021,7,18,12,0,148,12.654,1.9,9.33913,-587.247,1.69085185631385,1.20052,252.972
2021,7,18,12,30,148,12.654,1.9,10.9894,-353.304,1.40334956443503,1.01883,238.264
2021,7,18,13,0,148,12.654,1.9,10.2947,-469.55,2.19232068822059,1.33624,252.896
2021,7,18,13,30,148,12.654,1.9,10.7242,-319.973,2.3200409479145,0.894905,251.423
2021,7,18,14,0,148,12.654,1.9,10.0919,-432.405,1.8339111210743,1.26871,252.127
2021,7,18,14,30,148,12.654,1.9,11.9351,-525.476,1.79024579318037,1.17222,250.789
2021,7,18,15,0,148,12.654,1.9,10.9891,-504.027,1.59634269503763,0.999706,257.685
2021,7,18,15,30,148,12.654,1.9,9.93171,-605.659,1.8307812540006,1.47345,251.489
2021,7,18,16,0,148,12.654,1.9,8.85354,-662.862,1.80225414412063,1.34107,247.425
2021,7,18,16,30,148,12.654,1.9,8.77239,-516.496,1.68724924062807,0.987788,254.346
2021,7,18,17,0,148,12.654,1.9,10.685,-563.109,1.3834558178706,0.809805,255.463
2021,7,18,17,30,148,12.654,1.9,8.14283,-519.096,1.48293290475328,0.952541,257.656
2021,7,18,18,0,148,12.654,1.9,8.30762,-968.029,1.30585221215879,0.852326,264.03
2021,7,18,18,30,148,12.654,1.9,7.51231,-1713.99,1.43945128434414,1.13064,260.332
2021,7,18,19,0,148,12.654,1.9,8.88511,-1129.68,1.18283557606288,0.920636,253.143
2021,7,18,19,30,148,12.654,1.9,7.12768,-1299.12,0.976831612920057,0.91112,250.016
2021,7,18,20,0,148,12.654,1.9,6.32521,9281.58,0.95247467157925,0.676437,253.624
2021,7,18,20,30,148,12.654,1.9,4.94949,1544.16,0.680166156170682,0.529943,259.785
2021,7,18,21,0,148,12.654,1.9,5.37833,-2046.85,0.961249187255833,0.615627,252.9
2021,7,18,21,30,148,12.654,1.9,5.75866,457.068,0.67136353788391,0.407734,256.692
2021,7,18,22,0,148,12.654,1.9,5.88843,175.026,0.637291142257603,0.34103,254.046
2021,7,18,22,30,148,12.654,1.9,6.49319,166.568,0.504999009900019,0.2075,257.238
2021,7,18,23,0,148,12.654,1.9,5.93475,173.266,0.394632740658957,0.288452,260.215
2021,7,18,23,30,148,12.654,1.9,5.81502,66.4542,0.3428162773265,0.175367,260.647
2021,7,19,0,0,148,12.654,1.9,5.03207,110.88,0.374706551850912,0.205108,263.796
2021,7,19,0,30,148,12.654,1.9,5.98386,260.879,0.373476906916612,0.205307,275.594
2021,7,19,1,0,148,12.654,1.9,6.55742,70.9089,0.793688225942656,0.215662,288.417
2021,7,19,1,30,148,12.654,1.9,5.32175,48.1614,0.451290372155223,0.216035,295.128
2021,7,19,2,0,148,12.654,1.9,4.78213,178.672,0.387173087907721,0.140467,287.972
2021,7,19,2,30,148,12.654,1.9,5.56297,83.4923,0.639855452426562,0.253953,272.788
2021,7,19,3,0,148,12.654,1.9,4.84251,41.2257,0.409384904460338,0.183629,260.556
2021,7,19,3,30,148,12.654,1.9,4.19659,251.44,0.310309361766609,0.262468,256.948
2021,7,19,4,0,148,12.654,1.9,4.42609,93.8551,0.426326166215493,0.189751,262.007
2021,7,19,5,0,148,12.654,1.9,3.57883,-1354.83,0.269462242252973,0.195746,269.034
2021,7,19,5,30,148,12.654,1.9,3.00695,-935.371,0.512781629936175,0.128152,251.025
2021,7,19,6,0,148,12.654,1.9,3.83968,106.183,0.325759113456554,0.149001,255.138
2021,7,19,6,30,148,12.654,1.9,4.36813,97.8658,0.415443136903235,0.172134,270.343
2021,7,19,7,0,148,12.654,1.9,3.98872,109.09,0.307546256683446,0.213888,271.103
2021,7,19,7,30,148,12.654,1.9,2.59349,197.289,0.571536525516961,0.334315,288.694
2021,7,19,8,0,148,12.654,1.9,2.80188,-159.94,0.669248832647469,0.453828,295.591
2021,7,19,8,30,148,12.654,1.9,2.86562,-91.0775,0.730859083544838,0.594138,311.867
2021,7,19,9,0,148,12.654,1.9,2.37384,-90.7171,0.802856151499134,0.639455,308.553
2021,7,19,9,30,148,12.654,1.9,2.25011,-27.6743,1.12172189066631,0.306875,288.465
2021,7,19,10,0,148,12.654,1.9,2.83183,-261.164,1.16514805926114,0.610249,275.705
2021,7,19,10,30,148,12.654,1.9,3.06118,-248.38,0.892591731980529,0.704889,266.707
2021,7,19,11,0,148,12.654,1.9,3.14784,-100.131,1.09369557007423,0.75085,287.15
2021,7,19,11,30,148,12.654,1.9,3.08729,-556.757,1.22109786667572,0.8795,289.123
2021,7,19,12,0,148,12.654,1.9,4.00402,-140.989,1.20910297328226,0.861193,300.828
2021,7,19,12,30,148,12.654,1.9,3.73965,-192.888,1.02234045209998,0.347968,296.946
2021,7,19,13,0,148,12.654,1.9,2.79915,-89.4346,1.5735278834517,0.564333,262.974
2021,7,19,13,30,148,12.654,1.9,4.39495,-135.348,1.66736018904135,0.899724,253.384
2021,7,19,14,0,148,12.654,1.9,4.06298,-1476.95,0.772020077459129,0.608775,282.289
2021,7,19,14,30,148,12.654,1.9,2.14779,-2711.96,0.743582544173813,0.525892,295.825
2021,7,19,15,0,148,12.654,1.9,3.14936,-75.3021,1.14763670209697,0.473668,305.388
2021,7,19,15,30,148,12.654,1.9,3.34685,-145.309,0.533808017924047,0.459961,320.834
2021,7,19,16,0,148,12.654,1.9,3.38049,-219.922,0.950121571168658,0.707106,306.743
2021,7,19,16,30,148,12.654,1.9,2.96352,-163.293,1.35376881335034,0.236707,357.971
2021,7,19,17,0,148,12.654,1.9,2.99612,221.136,0.771524464939382,0.303718,341.453
2021,7,19,17,30,148,12.654,1.9,1.73347,-30367.3,0.387579669229437,0.805668,337.232
2021,7,19,18,0,148,12.654,1.9,1.80285,1753.31,1.20639131296607,1.0968,289.106
2021,7,19,18,30,148,12.654,1.9,4.83408,-306.574,1.32350670568758,0.796094,262.901
2021,7,19,19,0,148,12.654,1.9,5.65582,-761.369,0.818439368554568,0.519811,253.469
2021,7,19,19,30,148,12.654,1.9,5.21028,18883.2,0.522382044101824,0.536165,251.243
2021,7,19,20,0,148,12.654,1.9,5.0015,221.551,0.513304003491109,0.389782,248.951
2021,7,20,2,0,148,12.654,1.9,4.85995,-238.835,0.315208185172911,0.149835,246.405
2021,7,20,3,0,148,12.654,1.9,6.61906,-87.0216,1.25714358766213,0.314233,243.777
2021,7,20,4,0,148,12.654,1.9,7.54215,-449.35,0.361657296345587,0.144794,269.683
2021,7,20,4,30,148,12.654,1.9,6.40831,56.4845,0.381858612578006,0.157217,263.012
2021,7,20,5,0,148,12.654,1.9,6.2531,-311.162,0.601800631438685,0.236383,254.144
2021,7,20,5,30,148,12.654,1.9,7.24433,96.9391,0.498522817933141,0.134068,239.093
2021,7,20,6,0,148,12.654,1.9,7.75957,-16216.5,0.472590732029311,0.204204,240.975
2021,7,20,6,30,148,12.654,1.9,7.45224,364.022,0.389458598569861,0.201694,234.902
2021,7,20,7,0,148,12.654,1.9,6.99134,-1365.52,0.937779824905612,0.619265,242.082
2021,7,20,7,30,148,12.654,1.9,7.19832,-580.692,1.00109939566459,0.615589,239.008
2021,7,20,8,0,148,12.654,1.9,6.25758,-372.671,1.06250176470442,0.698409,236.597
2021,7,20,8,30,148,12.654,1.9,6.00416,-432.676,1.10186659809616,0.981429,238.353
2021,7,20,9,0,148,12.654,1.9,6.43172,-159.01,0.875174268360308,0.520426,236.361
2021,7,20,9,30,148,12.654,1.9,6.42687,-151.471,1.41274555387727,0.73432,231.63
2021,7,20,10,0,148,12.654,1.9,7.65191,-112.033,1.35877518375926,0.586493,232.748
2021,7,20,10,30,148,12.654,1.9,7.0422,-426.659,1.35693772885862,1.24455,235.077
2021,7,20,11,0,148,12.654,1.9,6.99976,-14.264,1.2714165328483,0.259978,226.559
2021,7,20,11,30,148,12.654,1.9,6.10945,-98.3545,1.40620766602945,0.695936,228.052
2021,7,20,12,0,148,12.654,1.9,6.13371,-218.132,1.63896308683265,0.950937,230.142
2021,7,20,12,30,148,12.654,1.9,7.38347,-76.6421,1.40770380407243,0.472554,238.225
2021,7,20,13,0,148,12.654,1.9,7.29164,-211.976,1.32660845768448,0.838205,231.258
2021,7,20,13,30,148,12.654,1.9,5.63762,-269.9,1.56362399572276,0.887985,224.571
2021,7,20,14,0,148,12.654,1.9,6.33036,-199.049,1.27972653328748,0.553156,223.62
2021,7,20,14,30,148,12.654,1.9,6.3562,-745.941,1.16949989311671,0.992477,227.119
2021,7,20,15,0,148,12.654,1.9,7.28856,-269.654,2.03361992515809,0.725649,232.276
2021,7,20,15,30,148,12.654,1.9,7.36089,-316.491,1.9450064267246,0.866668,244.482
2021,7,20,16,0,148,12.654,1.9,8.92635,-385.89,1.17173375815498,0.881029,253.162
2021,7,20,16,30,148,12.654,1.9,8.05072,-519.458,1.448633839174,0.862908,251.154
2021,7,20,17,0,148,12.654,1.9,6.58973,-504.33,1.45083768906105,1.0911,250.89
2021,7,20,17,30,148,12.654,1.9,8.03205,-561.933,1.3745508357278,0.969902,250.121
2021,7,20,18,0,148,12.654,1.9,7.86162,-510.441,1.21099132944873,0.854336,258.527
2021,7,20,18,30,148,12.654,1.9,6.77661,-1171.78,1.47067331518594,1.21703,255.626
2021,7,20,19,0,148,12.654,1.9,8.56989,-1254.53,1.04312031904282,0.622087,258.523
2021,7,20,19,30,148,12.654,1.9,7.22098,-1801.03,1.01975487250613,0.764023,259.468
2021,7,20,20,0,148,12.654,1.9,7.3503,6131.54,0.914694484513818,0.707696,259.681
2021,7,20,20,30,148,12.654,1.9,6.06145,700.569,0.613529950369173,0.414669,259.704
2021,7,20,21,0,148,12.654,1.9,5.64819,365.88,0.33698516287813,0.255058,253.434
2021,7,20,21,30,148,12.654,1.9,5.62758,662.159,0.363448758424073,0.173522,259.742
2021,7,20,22,0,148,12.654,1.9,5.00879,182.698,0.40292058770929,0.16913,255.77
2021,7,20,22,30,148,12.654,1.9,4.91468,169.758,0.290667163608138,0.166944,253.747
2021,7,20,23,0,148,12.654,1.9,5.87198,-1899.65,0.390274262538538,0.241862,253.529
2021,7,20,23,30,148,12.654,1.9,5.73474,149.278,0.302811987873664,0.17889,253.759
2021,7,21,0,0,148,12.654,1.9,5.79637,-242.048,0.266755131159646,0.176853,255.349
2021,7,21,0,30,148,12.654,1.9,6.07009,185.958,0.418179387344714,0.195748,256.615
2021,7,21,1,0,148,12.654,1.9,5.53493,418.371,0.631719874627987,0.280072,264.474
2021,7,21,1,30,148,12.654,1.9,5.40384,162.062,0.341162717775551,0.168159,270.773
2021,7,21,2,0,148,12.654,1.9,4.14321,212.846,0.666202671864951,0.316356,257.127
2021,7,21,2,30,148,12.654,1.9,4.41603,204.177,0.461186513245997,0.284779,262.401
2021,7,21,3,0,148,12.654,1.9,4.20122,1299.77,0.320781857342338,0.236429,259.774
2021,7,21,3,30,148,12.654,1.9,4.81928,-99.4594,0.235255393136906,0.152635,262.221
2021,7,21,4,0,148,12.654,1.9,5.64713,283.325,0.437708807313721,0.174912,270.121
2021,7,21,4,30,148,12.654,1.9,5.13628,144.68,0.337075659162746,0.142981,280.305
2021,7,21,5,0,148,12.654,1.9,4.38286,94.1226,0.404678885043438,0.115342,287.032
2021,7,21,5,30,148,12.654,1.9,3.11885,-511.738,0.23591439125242,0.214108,304.462
2021,7,21,6,30,148,12.654,1.9,2.05462,97.543,0.259945186529776,0.192154,317.025
2021,7,21,7,30,148,12.654,1.9,2.07628,-86.9689,0.246145688566751,0.117254,270.358
2021,7,21,8,0,148,12.654,1.9,1.65655,-148.47,0.358551251566634,0.281193,289.697
2021,7,21,8,30,148,12.654,1.9,1.83242,-497.595,0.554665665063198,0.37125,276.349
2021,7,21,9,0,148,12.654,1.9,2.51759,-32.6592,0.761971784254509,0.319688,278.334
2021,7,21,9,30,148,12.654,1.9,2.30842,-17.6714,0.879707337698169,0.317499,287.004
2021,7,21,10,0,148,12.654,1.9,2.38425,-129.75,0.726024104283047,0.406655,260.18
2021,7,21,10,30,148,12.654,1.9,2.56413,-21.54,0.661056729789509,0.229559,277.093
2021,7,21,11,0,148,12.654,1.9,2.78799,-155.743,1.11834699445208,0.638179,270.539
2021,7,21,11,30,148,12.654,1.9,2.41772,-62.4975,1.23700848824897,0.509794,285.69
2021,7,21,12,0,148,12.654,1.9,2.24491,-65.7818,0.984385595181075,0.385397,273.938
2021,7,21,12,30,148,12.654,1.9,1.27404,-25.0085,0.634876365917018,0.314842,292.888
2021,7,21,13,0,148,12.654,1.9,2.57728,-132.169,1.07318684300545,0.548988,291.256
2021,7,21,13,30,148,12.654,1.9,1.83091,-92.1103,0.473984176951088,0.284671,271.358
2021,7,21,14,0,148,12.654,1.9,2.03149,-12.3791,0.979872440677867,0.315709,240.33
2021,7,21,14,30,148,12.654,1.9,2.63245,-121.526,1.12872494435093,0.604913,230.389
2021,7,21,15,0,148,12.654,1.9,3.44204,-36.6616,1.27694165880826,0.51789,225.734
2021,7,21,15,30,148,12.654,1.9,2.5116,-13.2444,1.07757598339978,0.323277,247.04
2021,7,21,16,0,148,12.654,1.9,2.86719,-99.0675,1.02506585154321,0.520324,261.438
2021,7,21,16,30,148,12.654,1.9,1.78697,-389.127,0.919274170201687,0.728688,249.881
2021,7,21,17,0,148,12.654,1.9,3.70986,-130.897,0.419279143292389,0.376527,273.417
2021,7,21,17,30,148,12.654,1.9,4.21087,-258.191,0.540260122533581,0.533138,265.972
2021,7,21,18,0,148,12.654,1.9,4.55619,-99.876,0.693007214969657,0.356188,264.822
2021,7,21,18,30,148,12.654,1.9,4.32887,386.958,0.412719032757153,0.15878,260.041
2021,7,21,19,0,148,12.654,1.9,4.95825,-379.096,0.555263000748294,0.477942,257.992
2021,7,21,19,30,148,12.654,1.9,4.07556,-500.186,0.683846473998368,0.699757,258.465
2021,7,21,20,0,148,12.654,1.9,5.05274,-363.209,0.694090772161682,0.451088,263.326
2021,7,21,20,30,148,12.654,1.9,5.20711,-447.401,0.609172389394004,0.504372,265.399
2021,7,21,21,0,148,12.654,1.9,6.03388,142.999,0.38847908566614,0.217655,262.479
2021,7,21,21,30,148,12.654,1.9,6.53762,46229,0.204608895212305,0.105736,270.79
2021,7,22,6,0,148,12.654,1.9,3.00739,-96.6133,0.564911497493191,0.116869,262.364
2021,7,22,6,30,148,12.654,1.9,3.36413,-27.1657,0.372176033618502,0.122859,251.665
2021,7,22,7,0,148,12.654,1.9,3.3752,-23.5431,0.191639244415125,0.101728,243.331
2021,7,22,8,0,148,12.654,1.9,3.1179,-662.923,0.481369920123807,0.626887,250.49
2021,7,22,8,30,148,12.654,1.9,2.00614,-285.829,0.600928448319765,0.308855,256.139
2021,7,22,9,30,148,12.654,1.9,1.55956,-59.757,0.915736315759073,0.405375,248.407
2021,7,22,10,0,148,12.654,1.9,1.68954,-138.4,1.11213758141698,0.685824,223.523
2021,7,22,10,30,148,12.654,1.9,1.64668,-40.5612,0.931248087246358,0.349516,201.169
2021,7,22,11,0,148,12.654,1.9,1.72334,-112.169,1.1270403719477,0.852129,223.219
2021,7,22,12,0,148,12.654,1.9,1.43593,-42.6114,0.96659919304746,0.560976,174.648
2021,7,22,12,30,148,12.654,1.9,1.85001,-148.943,0.815021472109784,0.656666,191.995
2021,7,22,13,0,148,12.654,1.9,2.04006,-37.7626,0.885240645248511,0.417311,176.82
2021,7,22,14,30,148,12.654,1.9,3.22426,-43.0041,0.78807550399692,0.419893,209.207
2021,7,22,15,0,148,12.654,1.9,2.64701,-46.2388,0.93960257556054,0.275129,223.716
2021,7,22,15,30,148,12.654,1.9,2.599,-91.5357,1.16955547110857,0.499673,192.686
2021,7,22,16,0,148,12.654,1.9,1.87218,-36.0579,1.06393138876527,0.348592,219.537
2021,7,22,16,30,148,12.654,1.9,2.12731,-13.9535,1.59886834980245,0.298829,220.413
2021,7,22,17,0,148,12.654,1.9,2.89874,-88.9972,0.693103166923944,0.529906,238.186
2021,7,22,17,30,148,12.654,1.9,3.18965,-27.1627,1.02003921493245,0.444651,241.962
2021,7,22,18,0,148,12.654,1.9,3.16159,-57.7943,0.80184474806536,0.40435,234.81
2021,7,22,18,30,148,12.654,1.9,3.27721,-211.197,0.7487883546103,0.636364,233.416
2021,7,22,19,0,148,12.654,1.9,2.85171,-495.9,0.801313921007242,0.553216,228.387
2021,7,22,19,30,148,12.654,1.9,3.20217,6598.32,0.767601459091891,0.364422,231.944
2021,7,22,20,0,148,12.654,1.9,3.21967,-243.417,0.584875200363291,0.319691,255.172
2021,7,23,8,0,148,12.654,1.9,1.65402,2834.32,0.590421036210601,0.253824,294.888
2021,7,23,8,30,148,12.654,1.9,1.10868,-27.2688,0.437417420777911,0.311323,325.437
2021,7,23,9,0,148,12.654,1.9,1.3262,-58.2093,0.537653233971488,0.314416,340.66
2021,7,23,9,30,148,12.654,1.9,1.57584,-77.945,0.759942103057858,0.339142,1.52493
2021,7,23,10,0,148,12.654,1.9,1.69077,-821.971,1.02733636166545,0.637928,10.3023
2021,7,23,10,30,148,12.654,1.9,1.05272,-121.267,0.646206623302485,0.30668,304.96
2021,7,23,11,0,148,12.654,1.9,1.39466,-41.1877,1.04510764995765,0.449217,355.484
2021,7,23,11,30,148,12.654,1.9,1.49938,-19.2185,0.745686931627476,0.289803,302.262
2021,7,23,12,0,148,12.654,1.9,1.0099,-61.2523,0.51982497054297,0.404758,313.173
2021,7,23,12,30,148,12.654,1.9,0.846364,-102.144,0.597009212659235,0.416592,47.5603
2021,7,23,13,0,148,12.654,1.9,1.38369,-130.694,0.756551386225681,0.736952,200.843
2021,7,23,13,30,148,12.654,1.9,1.1359,-44.5948,0.810897650755014,0.325881,199.386
2021,7,23,14,0,148,12.654,1.9,1.21315,-65.811,1.00209779961838,0.469054,256.374
2021,7,23,14,30,148,12.654,1.9,1.02316,-81.3812,0.589133261664965,0.336648,242.134
2021,7,23,15,0,148,12.654,1.9,1.52098,-200.169,0.505633266310673,0.398181,261.621
2021,7,23,15,30,148,12.654,1.9,1.65181,-41.6581,0.67694756074603,0.206176,247.889
2021,7,23,16,0,148,12.654,1.9,2.1667,-25.9003,0.916761692044339,0.404904,270.727
2021,7,23,16,30,148,12.654,1.9,4.32063,-79.5873,0.77203950676115,0.51814,271.357
2021,7,23,17,0,148,12.654,1.9,4.38028,-389.841,1.08807628409041,0.948508,265.709
2021,7,23,17,30,148,12.654,1.9,5.04286,-110.847,0.686780896647541,0.511419,293.828
2021,7,23,18,0,148,12.654,1.9,4.51494,-93.8823,0.555447567282457,0.383137,277.872
2021,7,23,18,30,148,12.654,1.9,4.37453,-150.91,1.14322351270432,0.520145,291.547
2021,7,23,19,0,148,12.654,1.9,4.39588,-269.948,0.829053074296212,0.771102,303.15
2021,7,23,19,30,148,12.654,1.9,4.99813,-89.0113,0.544681558343956,0.399648,306.493
2021,7,23,20,0,148,12.654,1.9,4.95844,-285.617,0.609559677144084,0.280546,295.863
2021,7,23,20,30,148,12.654,1.9,3.83608,150.11,0.390073070077902,0.330255,285.543
2021,7,23,21,0,148,12.654,1.9,4.73152,115.01,0.293921077842335,0.257491,290.484
2021,7,23,21,30,148,12.654,1.9,4.88432,-175.74,0.229881926214307,0.216673,292.304
2021,7,23,22,0,148,12.654,1.9,6.21923,19.1208,0.224463582792399,0.121784,298.501
2021,7,23,22,30,148,12.654,1.9,6.3122,128.147,0.300552158534921,0.273858,299.317
2021,7,23,23,0,148,12.654,1.9,7.19419,131.308,0.337991124143815,0.146792,306.723
2021,7,23,23,30,148,12.654,1.9,8.36861,16.5942,0.222713942087154,0.130838,313.651
2021,7,24,6,0,148,12.654,1.9,3.98237,-213.804,0.732508703019971,0.280979,49.9291
2021,7,24,7,30,148,12.654,1.9,4.53133,62.2292,0.351014244725196,0.195867,70.1007
2021,7,24,8,0,148,12.654,1.9,3.79555,85.5942,0.520948174005822,0.220044,83.1
2021,7,24,8,30,148,12.654,1.9,3.34277,46.252,0.435091944306028,0.180937,90.6376
2021,7,24,9,0,148,12.654,1.9,3.88827,-602.112,0.307234600915978,0.117171,84.3858
2021,7,24,9,30,148,12.654,1.9,3.41106,135.601,0.735122438781459,0.272221,91.8451
2021,7,24,10,0,148,12.654,1.9,2.49992,-141.586,0.689054424555855,0.402472,80.9967
2021,7,24,10,30,148,12.654,1.9,3.03291,160.792,0.506893479934394,0.232523,66.2072
2021,7,24,11,0,148,12.654,1.9,3.20554,-108.239,0.663867456650799,0.458155,73.7209
2021,7,24,11,30,148,12.654,1.9,3.65074,-108.59,0.829181524154995,0.425645,56.3898
2021,7,24,12,0,148,12.654,1.9,4.85113,-47.1941,0.690938492197388,0.366425,40.2262
2021,7,24,12,30,148,12.654,1.9,5.3793,-43.0747,0.77922204794269,0.257468,28.7649
2021,7,24,13,0,148,12.654,1.9,5.17584,-285.342,1.44627798157892,0.643716,44.0845
2021,7,24,13,30,148,12.654,1.9,5.03084,-47.8591,0.818230407648115,0.306972,54.334
2021,7,24,14,0,148,12.654,1.9,5.79977,-234.51,1.40690440329114,0.798273,55.4323
2021,7,24,14,30,148,12.654,1.9,5.95832,-173.697,1.21037184369102,0.708301,48.9436
2021,7,24,15,0,148,12.654,1.9,6.82288,-126.015,1.29269872746901,0.758649,58.3452
2021,7,24,15,30,148,12.654,1.9,7.18206,-99.5995,1.14416781985861,0.560537,56.8108
2021,7,24,16,0,148,12.654,1.9,6.64473,-111.497,1.35732457430049,0.666938,67.518
2021,7,24,16,30,148,12.654,1.9,6.96722,-74.7026,1.12531328971091,0.562067,58.6704
2021,7,24,17,0,148,12.654,1.9,7.18708,-191.305,0.983116981849057,0.707702,61.1423
2021,7,24,17,30,148,12.654,1.9,7.62394,-70.9699,0.936619453139855,0.428909,59.2653
2021,7,24,18,0,148,12.654,1.9,7.59332,-394.643,0.901034960476007,0.609121,64.3611
2021,7,24,18,30,148,12.654,1.9,7.69141,-185.313,0.741346747480557,0.552935,57.5047
2021,7,24,19,0,148,12.654,1.9,8.05434,-175.349,0.777357704020485,0.258956,56.7701
2021,7,24,19,30,148,12.654,1.9,8.43859,-993.461,0.449652087730058,0.28393,59.8925
2021,7,24,20,0,148,12.654,1.9,8.43802,-282.97,0.720987517228974,0.393106,54.3752
2021,7,24,20,30,148,12.654,1.9,9.15008,-807.403,0.728017856923853,0.521691,49.1337
2021,7,24,21,0,148,12.654,1.9,8.52636,265.592,0.53558659430572,0.371559,54.4349
2021,7,24,21,30,148,12.654,1.9,9.55059,397.034,0.610074585604088,0.361061,50.9485
2021,7,24,22,0,148,12.654,1.9,10.6703,237.682,0.736078800129443,0.424812,52.8324
2021,7,24,22,30,148,12.654,1.9,10.393,470.032,0.84437136379676,0.532804,53.835
2021,7,24,23,0,148,12.654,1.9,10.2436,444.549,0.868686940157385,0.533849,53.2706
2021,7,24,23,30,148,12.654,1.9,9.98842,340.781,0.792867580368878,0.485895,54.036
2021,7,25,0,0,148,12.654,1.9,9.69993,278.636,0.794263180564226,0.474863,48.1205
2021,7,25,0,30,148,12.654,1.9,8.72712,272.838,0.796509259205441,0.497157,47.6619
2021,7,25,1,0,148,12.654,1.9,8.80326,219.459,0.766992177274319,0.435812,44.9368
2021,7,25,1,30,148,12.654,1.9,9.25853,151.637,0.646706270264948,0.410814,45.6764
2021,7,25,2,0,148,12.654,1.9,10.1726,122.235,0.644512218658421,0.372955,46.3868
2021,7,25,2,30,148,12.654,1.9,9.57654,154.496,0.669440064531546,0.435986,49.1284
2021,7,25,3,0,148,12.654,1.9,9.62435,131.859,0.665904647828801,0.367999,48.4234
2021,7,25,3,30,148,12.654,1.9,11.1261,60.6879,0.585312736919333,0.287661,46.0315
2021,7,25,4,0,148,12.654,1.9,11.7406,61.4449,0.659665066529978,0.32411,45.4556
2021,7,25,4,30,148,12.654,1.9,12.2047,63.675,0.756277726764447,0.336093,44.4434
2021,7,25,5,0,148,12.654,1.9,12.073,102.229,0.812546614047465,0.498829,42.0132
2021,7,25,5,30,148,12.654,1.9,12.4557,98.615,0.872998854523876,0.472316,44.7054
2021,7,25,6,0,148,12.654,1.9,12.6326,145.303,0.911146530476849,0.512386,44.2367
2021,7,25,6,30,148,12.654,1.9,11.7748,248.567,1.03492028678541,0.662057,42.1851
2021,7,25,7,0,148,12.654,1.9,12.0834,291.771,1.01925953515285,0.604038,42.403
2021,7,25,7,30,148,12.654,1.9,11.2887,621.022,0.981000509683864,0.616181,43.5778
2021,7,25,8,0,148,12.654,1.9,10.7591,1093.13,1.08064332691226,0.738142,42.9297
2021,7,25,8,30,148,12.654,1.9,9.69748,1960.8,1.17717033601769,0.795346,42.3118
2021,7,25,9,0,148,12.654,1.9,9.20347,-986.045,1.17955500083718,0.878567,44.5647
2021,7,25,9,30,148,12.654,1.9,10.0516,-1073.7,1.19017645750536,0.876166,48.0893
2021,7,25,10,0,148,12.654,1.9,10.5177,-900.17,1.18064389211989,0.93409,51.1838
2021,7,25,10,30,148,12.654,1.9,11.252,-463.904,1.2501159946181,0.935041,48.8965
2021,7,25,11,0,148,12.654,1.9,10.5095,-424.493,1.15449122993637,0.864147,47.8474
2021,7,25,11,30,148,12.654,1.9,10.4912,-442.047,1.21456576602504,0.934486,50.9378
2021,7,25,12,0,148,12.654,1.9,11.2891,-228.646,1.08629646045635,0.594539,51.0018
2021,7,25,12,30,148,12.654,1.9,10.7052,-231.592,1.0211464145753,0.595951,54.4979
2021,7,25,13,0,148,12.654,1.9,8.82389,-226.495,1.36486995717541,0.984564,55.9441
2021,7,25,13,30,148,12.654,1.9,9.70401,-555.627,1.31761147535986,1.39508,48.7623
2021,7,25,14,0,148,12.654,1.9,9.2035,-385.645,1.4624876067851,1.20613,47.5051
2021,7,25,14,30,148,12.654,1.9,10.441,-337.963,1.34287006072814,1.01358,48.0883
2021,7,25,15,0,148,12.654,1.9,9.09825,-390.063,1.55856023303561,1.26606,52.9669
2021,7,25,15,30,148,12.654,1.9,9.94576,-282.241,1.26700434095547,0.95677,49.4633
2021,7,25,16,0,148,12.654,1.9,10.761,-95.0636,1.24171252711729,0.449218,48.0348
2021,7,25,16,30,148,12.654,1.9,10.2209,-219.634,1.23651930838139,0.810663,49.6789
2021,7,25,17,0,148,12.654,1.9,8.85318,-538.8,1.2615664865555,1.04266,54.2882
2021,7,25,17,30,148,12.654,1.9,10.178,-289.762,0.989556466301949,0.756267,56.0256
2021,7,25,18,0,148,12.654,1.9,9.5194,-533.855,1.2781862149155,0.838171,52.6581
2021,7,25,18,30,148,12.654,1.9,9.39509,-1369.56,1.06120214850894,0.868889,56.7292
2021,7,25,19,0,148,12.654,1.9,9.10444,-14190.8,0.869363560312945,0.625877,52.6229
2021,7,25,19,30,148,12.654,1.9,8.9275,7644.8,0.83534064907677,0.537316,48.2208
2021,7,25,20,0,148,12.654,1.9,9.11912,1252.75,0.64040768265223,0.493998,46.1589
2021,7,25,20,30,148,12.654,1.9,9.50341,1134.2,0.714185550119855,0.428971,47.9536
2021,7,25,21,0,148,12.654,1.9,12.3375,201.098,0.724227174303754,0.43278,49.0634
2021,7,25,21,30,148,12.654,1.9,13.2627,121.693,0.688580423770528,0.334324,47.1401
2021,7,25,22,0,148,12.654,1.9,13.9914,61.6974,0.464251009691955,0.217342,43.0392
2021,7,25,22,30,148,12.654,1.9,13.2964,26.5672,0.878619940588648,0.133269,36.0706
2021,7,25,23,0,148,12.654,1.9,12.9487,55.6115,0.430788811368169,0.214329,29.387
2021,7,25,23,30,148,12.654,1.9,13.3722,171.831,0.677233342356975,0.408866,31.4042
2021,7,26,0,0,148,12.654,1.9,13.0426,172.271,0.642617304466663,0.396968,33.0724
2021,7,26,0,30,148,12.654,1.9,12.4531,187.685,0.703181342187063,0.410571,33.4746
2021,7,26,1,0,148,12.654,1.9,12.0315,192.085,0.660709467163896,0.410394,34.9709
2021,7,26,1,30,148,12.654,1.9,12.0746,197.822,0.767384518999439,0.498042,33.8866
2021,7,26,2,0,148,12.654,1.9,12.3803,135.093,0.726320865733596,0.426309,30.685
2021,7,26,2,30,148,12.654,1.9,12.5773,120.341,0.62546382789095,0.397345,33.6682
2021,7,26,3,0,148,12.654,1.9,12.9042,102.026,0.683677555577189,0.401024,34.511
2021,7,26,3,30,148,12.654,1.9,12.4525,114.991,0.689219848814585,0.426551,34.9851
2021,7,26,4,0,148,12.654,1.9,12.4382,110.192,0.764243416720092,0.40731,36.1773
2021,7,26,4,30,148,12.654,1.9,13.1396,97.2357,0.66604053930673,0.386917,38.9883
2021,7,26,5,0,148,12.654,1.9,12.6374,87.426,0.68567922529416,0.328031,39.7387
2021,7,26,5,30,148,12.654,1.9,11.1935,104.488,0.729768456429846,0.379486,42.414
2021,7,26,6,0,148,12.654,1.9,11.2053,106.299,0.717926876499271,0.385098,45.7331
2021,7,26,6,30,148,12.654,1.9,11.1279,114.759,0.734774114949622,0.433205,45.801
2021,7,26,7,0,148,12.654,1.9,10.8355,143.716,0.834633452480788,0.472509,45.5923
2021,7,26,7,30,148,12.654,1.9,10.2271,169.596,0.864495806814585,0.411397,47.3037
2021,7,26,8,0,148,12.654,1.9,9.65675,262.169,0.755741357873181,0.470055,47.6618
2021,7,26,8,30,148,12.654,1.9,8.964,174.908,0.741958893740078,0.370704,47.1126
2021,7,26,9,0,148,12.654,1.9,9.14245,166.89,0.786518276965005,0.397656,47.0357
2021,7,26,9,30,148,12.654,1.9,7.9829,-7282.68,0.659563492015742,0.390389,43.4944
2021,7,26,10,0,148,12.654,1.9,7.1321,-2008.84,0.675325106892969,0.352634,39.5899
2021,7,26,10,30,148,12.654,1.9,6.70895,92.714,0.485948556948161,0.25014,35.4772
2021,7,26,11,0,148,12.654,1.9,7.05405,-303.75,0.69085888573572,0.52494,40.4811
2021,7,26,11,30,148,12.654,1.9,6.3673,-322.684,0.701015691693132,0.52507,40.6212
2021,7,26,12,0,148,12.654,1.9,5.7414,-132.689,0.690897242721376,0.568363,37.9067
2021,7,26,12,30,148,12.654,1.9,6.37709,-134.322,0.623341800299001,0.527694,34.6316
2021,7,26,13,0,148,12.654,1.9,7.55525,-873.482,0.747375407676758,0.455261,40.0837
2021,7,26,13,30,148,12.654,1.9,6.87062,-293.504,0.721048542055249,0.413812,41.4336
2021,7,26,14,0,148,12.654,1.9,7.54927,-406.147,0.83749208951488,0.476094,49.8595
2021,7,26,14,30,148,12.654,1.9,7.22489,-859.516,0.670231303357281,0.534433,50.9413
2021,7,26,15,0,148,12.654,1.9,7.83451,2530.86,0.734631199990853,0.390636,54.6369
2021,7,26,15,30,148,12.654,1.9,7.40669,-1658.65,0.771740889159049,0.379867,51.4791
2021,7,26,16,0,148,12.654,1.9,7.2285,-276.056,1.08252020766358,0.581302,56.5794
2021,7,26,16,30,148,12.654,1.9,6.9511,-224.241,0.79224932944118,0.350459,64.2011
2021,7,26,17,0,148,12.654,1.9,7.69967,-308.267,0.765396629206061,0.279658,50.252
2021,7,26,17,30,148,12.654,1.9,7.78403,-220.844,0.721711161060988,0.654154,53.9587
2021,7,26,18,0,148,12.654,1.9,7.43403,-469.921,0.668483358057626,0.54032,55.6244
2021,7,26,18,30,148,12.654,1.9,7.09933,3804.67,0.843301843944385,0.510065,54.0652
2021,7,26,19,0,148,12.654,1.9,7.79767,-784.051,0.661702350003383,0.281416,53.2999
2021,7,26,19,30,148,12.654,1.9,7.59738,-2038.07,0.604736306169888,0.403558,51.0642
2021,7,26,20,0,148,12.654,1.9,8.5728,58.4389,0.371008086165248,0.128086,52.4433
2021,7,26,20,30,148,12.654,1.9,9.35554,49.2484,0.379428517641993,0.102667,53.8688
2021,7,26,22,30,148,12.654,1.9,8.28755,-77.132,0.654786988264122,0.152928,33.9665
2021,7,26,23,0,148,12.654,1.9,8.76935,81.986,0.271755772707775,0.12691,41.7222
2021,7,26,23,30,148,12.654,1.9,8.91611,38.2232,0.288219360904156,0.144667,39.8727
2021,7,27,0,0,148,12.654,1.9,8.17807,214.971,0.653394214850422,0.246971,44.7995
2021,7,27,0,30,148,12.654,1.9,8.44724,118.633,0.487924174436971,0.241867,46.6811
2021,7,27,1,0,148,12.654,1.9,6.21655,85.3805,0.234493496711529,0.246571,40.9807
2021,7,27,1,30,148,12.654,1.9,5.93548,3251.04,0.188401167724619,0.195188,39.4187
2021,7,27,2,0,148,12.654,1.9,6.92288,85.2314,0.340313091138146,0.102055,44.6429
2021,7,27,5,30,148,12.654,1.9,5.31239,118.592,0.451207269444986,0.13442,44.5015
2021,7,27,6,0,148,12.654,1.9,4.87833,118.007,0.388816151927875,0.204899,52.0438
2021,7,27,6,30,148,12.654,1.9,3.85496,121.085,0.466163061599694,0.189403,42.8197
2021,7,27,7,0,148,12.654,1.9,3.29639,523.345,0.497656508045459,0.291178,59.37
2021,7,27,7,30,148,12.654,1.9,3.12611,-74.961,0.496214671286531,0.136892,56.4211
2021,7,27,8,0,148,12.654,1.9,2.64988,-105.811,0.390471509844188,0.505441,52.4195
2021,7,27,8,30,148,12.654,1.9,1.90097,-88.881,0.647688196588451,0.358038,81.2325
2021,7,27,9,0,148,12.654,1.9,1.41242,-30.5275,0.418361088056717,0.226661,75.5496
2021,7,27,9,30,148,12.654,1.9,2.00625,-27.9483,0.593210755128394,0.364935,80.5428
2021,7,27,10,0,148,12.654,1.9,1.65818,-150.006,0.533877326733398,0.590228,96.9123
2021,7,27,11,0,148,12.654,1.9,1.89043,-22.1008,0.825958836746723,0.358919,125.162
2021,7,27,11,30,148,12.654,1.9,2.59123,-59.2202,0.676307622313988,0.299697,105.575
2021,7,27,12,0,148,12.654,1.9,2.60663,-121.236,0.606162519461572,0.386427,107.686
2021,7,27,12,30,148,12.654,1.9,2.4915,-269.037,0.57831479317064,0.364181,109.664
2021,7,27,13,0,148,12.654,1.9,3.7271,-263.229,0.583365237222788,0.513244,95.4749
2021,7,27,13,30,148,12.654,1.9,3.12245,192.858,0.456290477656503,0.217507,84.4572
2021,7,27,14,0,148,12.654,1.9,3.05924,-41.5414,0.47903966432854,0.469811,75.6871
2021,7,27,14,30,148,12.654,1.9,2.5934,-198.472,0.797707339818307,0.396909,116.292
2021,7,27,15,0,148,12.654,1.9,5.22466,-173.445,2.4439619473306,1.00058,135.367
2021,7,27,15,30,148,12.654,1.9,5.01536,-61.0359,1.63224079105995,0.583351,108.518
2021,7,27,16,0,148,12.654,1.9,4.89798,-72.2547,1.40841045153748,0.450017,167.653
2021,7,27,16,30,148,12.654,1.9,1.37343,204.639,0.954886904298095,1.23661,188.53
2021,7,27,17,0,148,12.654,1.9,1.31029,-162.632,0.375341178129978,0.457837,138.521
2021,7,27,17,30,148,12.654,1.9,2.17147,-227.567,0.404696182339295,0.280821,146.567
2021,7,27,18,0,148,12.654,1.9,1.63098,157.949,0.628557873230461,0.444467,121.94
2021,7,27,18,30,148,12.654,1.9,1.96544,-1006.51,0.603778933054144,0.487786,105.994
2021,7,27,19,0,148,12.654,1.9,2.56213,-167.659,0.586492966709747,0.267671,88.442
2021,7,27,19,30,148,12.654,1.9,4.34198,332.407,0.767417096499681,0.362701,130.545
2021,7,27,20,0,148,12.654,1.9,4.88095,-119.911,0.591506551104888,0.119658,136.827
2021,7,27,20,30,148,12.654,1.9,5.20955,34.0621,0.603859255124901,0.130493,148.135
2021,7,27,21,0,148,12.654,1.9,5.15728,48.5088,0.403763544664448,0.126079,154.122
2021,7,27,21,30,148,12.654,1.9,5.98859,6.76357,0.315689404320132,0.117424,153.581
2021,7,27,22,0,148,12.654,1.9,6.59231,42.4346,0.514148811143233,0.151473,171.833
2021,7,27,23,0,148,12.654,1.9,3.43925,-139.308,0.145306572459748,0.154724,191.897
2021,7,27,23,30,148,12.654,1.9,3.4186,-75.8602,0.302766411611328,0.121013,191.553
2021,7,28,0,0,148,12.654,1.9,3.4174,-35.4931,0.260490114975597,0.15419,193.338
2021,7,28,0,30,148,12.654,1.9,3.69171,-18.9851,0.156999363056033,0.107083,183.698
2021,7,28,1,0,148,12.654,1.9,3.60689,-121.519,0.500340883798236,0.162962,192.603
2021,7,28,1,30,148,12.654,1.9,5.47749,-199.48,0.3033305128074,0.306492,184.102
2021,7,28,2,0,148,12.654,1.9,5.83093,39.9107,0.369131412914154,0.200285,183.551
2021,7,28,2,30,148,12.654,1.9,5.29872,99.1219,0.195421339674049,0.142462,186.621
2021,7,28,3,0,148,12.654,1.9,4.19707,86.1362,0.210437876818789,0.244036,183.571
2021,7,28,3,30,148,12.654,1.9,4.33409,72.3157,0.426545425482445,0.189265,175.347
2021,7,28,4,0,148,12.654,1.9,4.03928,5649.48,0.273575400940947,0.143604,171.404
2021,7,28,5,0,148,12.654,1.9,3.84967,146.813,0.133318040789685,0.150692,158.387
2021,7,28,7,0,148,12.654,1.9,5.74713,-82.6754,0.979165460992166,0.42906,159.622
2021,7,28,7,30,148,12.654,1.9,3.75578,-269.507,0.515471628705208,0.350071,163.264
2021,7,28,8,0,148,12.654,1.9,4.19067,-330.359,1.08681645184456,0.608048,166.24
2021,7,28,8,30,148,12.654,1.9,0.938856,-147.485,1.38246880615803,0.570389,130.882
2021,7,28,9,0,148,12.654,1.9,1.82693,-164.063,0.214577258813696,0.15061,62.0248
2021,7,28,9,30,148,12.654,1.9,1.64356,-151.835,0.336078859793353,0.225437,57.3396
2021,7,28,10,0,148,12.654,1.9,2.27879,175.931,0.512721171788332,0.444674,61.841
2021,7,28,10,30,148,12.654,1.9,2.87442,-2559.41,0.74768175047944,0.487282,85.2551
2021,7,28,11,0,148,12.654,1.9,2.89568,826.907,0.698763193077598,0.467913,84.6974
2021,7,28,11,30,148,12.654,1.9,3.10889,-191.415,0.605879525978556,0.356629,89.1329
2021,7,28,12,0,148,12.654,1.9,3.7528,-84.5429,0.571681729636342,0.300739,100.787
2021,7,28,12,30,148,12.654,1.9,3.38192,-161.487,0.7432005113023,0.308937,104.366
2021,7,28,13,0,148,12.654,1.9,2.9882,392.078,1.78705623862261,0.559022,131.566
2021,7,28,13,30,148,12.654,1.9,5.22418,-640.946,0.874571895272195,0.715226,146.679
2021,7,28,14,0,148,12.654,1.9,5.36391,-911.855,0.852982414824596,0.548095,127.234
2021,7,28,14,30,148,12.654,1.9,5.92241,-554.416,1.64805643107267,0.828225,148.711
2021,7,28,15,0,148,12.654,1.9,7.739,-583.567,0.791182659061737,0.634094,171.578
2021,7,28,15,30,148,12.654,1.9,6.53194,-1051.4,0.784521510221358,0.665666,167.634
2021,7,28,16,0,148,12.654,1.9,6.55939,-250.575,1.29939216559128,0.814532,154.315
2021,7,28,16,30,148,12.654,1.9,7.12971,-149.981,1.24345486448041,0.431524,158.83
2021,7,28,17,0,148,12.654,1.9,6.63394,-318.717,1.00436049305018,0.863348,163.551
2021,7,28,17,30,148,12.654,1.9,6.16258,-333.107,1.28129621867857,0.684276,161.726
2021,7,28,18,0,148,12.654,1.9,6.34816,-440.862,1.23670934337863,0.611167,161.716
2021,7,28,18,30,148,12.654,1.9,6.17327,-442.766,1.02104848072949,0.64321,157.945
2021,7,28,19,0,148,12.654,1.9,6.55401,-1033.47,0.857544167958712,0.504846,156.012
2021,7,28,19,30,148,12.654,1.9,5.41644,-1400.01,0.745737889610016,0.54047,148.486
2021,7,28,20,0,148,12.654,1.9,5.75734,484.072,0.448185229564741,0.269538,148.977
2021,7,28,20,30,148,12.654,1.9,5.77776,-12215.8,0.45145985425063,0.282537,152.087
2021,7,28,21,0,148,12.654,1.9,7.15991,127.048,0.294852335924272,0.14983,157.164
2021,7,28,21,30,148,12.654,1.9,7.84104,157.563,0.671859360283088,0.143776,155.902
2021,7,28,22,0,148,12.654,1.9,7.41785,-433.32,0.690871912875317,0.161601,138.863
2021,7,28,22,30,148,12.654,1.9,8.63596,-25.508,0.427765122467926,0.134886,135.294
2021,7,28,23,0,148,12.654,1.9,9.10263,-272.119,0.468201879534886,0.138798,130.935
2021,7,28,23,30,148,12.654,1.9,9.34134,186.029,0.570876519047683,0.194936,130.17
2021,7,29,0,0,148,12.654,1.9,9.38501,86.1812,0.520579484805154,0.198056,129.082
2021,7,29,0,30,148,12.654,1.9,8.71559,57.1982,0.518274058775857,0.200811,134.472
2021,7,29,1,0,148,12.654,1.9,8.03403,42.0508,0.473422644156361,0.133918,135.367
2021,7,29,1,30,148,12.654,1.9,7.97834,-303.776,0.831914058061288,0.149656,144.422
2021,7,29,2,0,148,12.654,1.9,7.65237,-68.0987,0.508249938514507,0.143266,156.353
2021,7,29,2,30,148,12.654,1.9,7.42833,30.7356,0.43494022577821,0.138191,158.441
2021,7,29,3,0,148,12.654,1.9,7.77143,-3768.18,1.04272239834004,0.18439,156.687
2021,7,29,3,30,148,12.654,1.9,7.86838,58.5796,0.38717437931764,0.201731,161.457
2021,7,29,4,0,148,12.654,1.9,7.10927,122.3,0.598656829911762,0.234479,157.267
2021,7,29,4,30,148,12.654,1.9,7.8303,96.6739,0.696364128886605,0.245878,159.557
2021,7,29,5,0,148,12.654,1.9,7.54906,76.4094,0.441400045310374,0.228303,151.336
2021,7,29,5,30,148,12.654,1.9,7.60554,80.2379,0.43243034121116,0.207752,149.555
2021,7,29,6,0,148,12.654,1.9,8.01444,137.31,0.843945495870438,0.381294,152.326
2021,7,29,6,30,148,12.654,1.9,7.48903,138.636,0.751314847450787,0.371327,160.765
2021,7,29,7,0,148,12.654,1.9,7.06522,1241.82,0.83966600502819,0.597861,158.353
2021,7,29,7,30,148,12.654,1.9,8.42255,-2415.91,1.2627707630445,0.868407,158.532
2021,7,29,8,0,148,12.654,1.9,8.07369,-1209.76,1.40204850130086,1.04039,159.935
2021,7,29,8,30,148,12.654,1.9,8.55744,-708.266,1.55630331233985,0.974904,163.755
2021,7,29,9,0,148,12.654,1.9,8.88742,-679.987,1.32004166600907,1.06474,162.57
2021,7,29,9,30,148,12.654,1.9,8.21221,-861.711,1.72992196355789,1.20935,163.409
2021,7,29,10,0,148,12.654,1.9,8.73095,-447.323,1.93680148698828,1.08953,151.163
2021,7,29,10,30,148,12.654,1.9,10.382,-709.224,2.42670970657802,1.16403,160.093
2021,7,29,11,0,148,12.654,1.9,10.7436,-691.737,1.85396332218305,0.956308,184.999
2021,7,29,11,30,148,12.654,1.9,11.2278,2973.65,2.51981745370572,0.981768,197.164
2021,7,29,12,0,148,12.654,1.9,8.59136,330.529,0.802724112008603,0.488003,183.234
2021,7,29,12,30,148,12.654,1.9,8.02678,761.106,1.1783760011134,0.759341,167.869
2021,7,29,13,0,148,12.654,1.9,8.58066,-1506.04,2.3465634446995,1.04955,191.93
2021,7,29,13,30,148,12.654,1.9,7.31525,-930.275,1.01877377272876,0.574163,179.108
2021,7,29,14,0,148,12.654,1.9,7.82629,1023.9,1.22092587817607,0.892937,178.949
2021,7,29,14,30,148,12.654,1.9,9.77716,-264.312,1.68136849024835,1.36018,191.46
2021,7,29,15,0,148,12.654,1.9,7.0658,224.358,1.13830136607139,0.622706,185.688
2021,7,29,15,30,148,12.654,1.9,7.99602,1307.54,1.10562199688682,0.770032,176.122
2021,7,29,16,0,148,12.654,1.9,10.4132,-328.101,2.07839601616246,0.911647,191.213
2021,7,29,16,30,148,12.654,1.9,7.94426,528.729,1.16301332752467,0.72273,177.522
2021,7,29,17,0,148,12.654,1.9,9.1523,-1329.42,1.20154483894693,0.828762,173.802
2021,7,29,17,30,148,12.654,1.9,8.74496,-1327.03,1.20813492623962,0.872147,177.721
2021,7,29,18,0,148,12.654,1.9,9.42076,4758.02,1.09912692624646,0.723808,174.556
2021,7,29,18,30,148,12.654,1.9,10.495,2351.79,1.07827640241267,0.690732,175.74
2021,7,29,19,0,148,12.654,1.9,10.6474,1057.44,0.954832446034381,0.648653,175.728
2021,7,29,19,30,148,12.654,1.9,10.1923,2042.58,0.996870603438581,0.704345,173.481
2021,7,29,20,0,148,12.654,1.9,11.3911,1388.53,1.07220800220853,0.713497,174.371
2021,7,29,20,30,148,12.654,1.9,11.4395,2595.93,1.12577972978731,0.742019,177.51
2021,7,29,21,0,148,12.654,1.9,11.408,4390.46,1.34525462273876,0.893887,180.216
2021,7,29,21,30,148,12.654,1.9,10.8701,4386,1.26975588204977,0.866499,179.201
2021,7,29,22,0,148,12.654,1.9,10.7987,-29917.1,1.28830896915297,0.94178,178.029
2021,7,29,22,30,148,12.654,1.9,11.0935,-5834.51,1.54672557359087,0.899588,176.757
2021,7,29,23,0,148,12.654,1.9,11.0293,-9026.29,1.36637476557495,1.14286,179.934
2021,7,29,23,30,148,12.654,1.9,10.2431,7562.14,1.31368184885078,0.956294,178.325
2021,7,30,0,0,148,12.654,1.9,10.3442,10160.7,1.46145475468794,0.980135,184.413
2021,7,30,0,30,148,12.654,1.9,10.2872,6852.35,1.46069846306484,0.979742,183.432
2021,7,30,1,0,148,12.654,1.9,10.8705,3762.65,1.43815854480652,0.916144,180.12
2021,7,30,1,30,148,12.654,1.9,9.90907,-111418,1.24869932329604,0.969593,178.799
2021,7,30,2,0,148,12.654,1.9,10.1103,9639.89,1.29719697810317,0.901077,177.764
2021,7,30,2,30,148,12.654,1.9,9.3052,-278023,1.20438365980281,0.919548,176.302
2021,7,30,3,0,148,12.654,1.9,8.89094,-10824.7,1.27650695258584,0.866267,170.78
2021,7,30,3,30,148,12.654,1.9,11.111,2341.06,1.52533275058264,1.06319,171.63
2021,7,30,4,0,148,12.654,1.9,12.2928,14829.3,1.48711801818148,0.923746,175.834
2021,7,30,4,30,148,12.654,1.9,12.5463,4081.32,1.55376317371728,0.949042,173.962
2021,7,30,5,0,148,12.654,1.9,12.4023,3147.98,1.6008435276441,1.04856,179.446
2021,7,30,5,30,148,12.654,1.9,11.8796,2646.43,1.38132545042796,0.881299,181.09
2021,7,30,6,0,148,12.654,1.9,11.5482,1822.25,1.69689127524423,0.933696,185.47
2021,7,30,6,30,148,12.654,1.9,9.98963,1261.7,1.78235518345811,0.776934,205.987
2021,7,30,7,0,148,12.654,1.9,8.7091,763.226,1.16111153641672,0.721419,200.797
2021,7,30,7,30,148,12.654,1.9,9.66797,-29785.5,1.4911840932628,0.911643,200.23
2021,7,30,8,0,148,12.654,1.9,10.5158,3087.43,1.78797091698942,0.952164,195.417
2021,7,30,8,30,148,12.654,1.9,9.78748,1591.31,1.40736278194359,0.857969,193.132
2021,7,30,9,0,148,12.654,1.9,9.9588,1767.14,1.46996938743635,0.976648,194.37
2021,7,30,9,30,148,12.654,1.9,10.5359,7821.06,1.50545674132471,0.996606,198.063
2021,7,30,10,0,148,12.654,1.9,11.8451,-3110.34,1.41777995471794,0.953485,198.226
2021,7,30,10,30,148,12.654,1.9,10.4485,-2551.56,1.66279884532074,1.04661,201.122
2021,7,30,11,0,148,12.654,1.9,10.224,-4265.13,1.58485961523411,1.00309,199.796
2021,7,30,11,30,148,12.654,1.9,10.9691,1749.4,1.70558201210027,0.923472,204.281
2021,7,30,12,0,148,12.654,1.9,11.1551,-2471.19,1.61223447426235,0.879896,196.891
2021,7,30,12,30,148,12.654,1.9,10.1705,405.723,1.58323719006345,0.746631,210.31
2021,7,30,13,0,148,12.654,1.9,10.2647,614.899,1.35340311806941,0.834908,208.769
2021,7,30,13,30,148,12.654,1.9,10.1447,999.452,1.43196368669041,0.768824,207.19
2021,7,30,14,0,148,12.654,1.9,9.46611,3725.72,1.44110721322183,0.800434,208.43
2021,7,30,14,30,148,12.654,1.9,9.49991,25405.1,1.31456837022652,0.932525,204.181
2021,7,30,15,0,148,12.654,1.9,9.10431,-1252.38,1.44661328626555,0.992697,204.464
2021,7,30,15,30,148,12.654,1.9,9.81932,-711.91,1.34219223660398,0.849359,208.116
2021,7,30,16,0,148,12.654,1.9,10.2243,-415.69,1.38929478513381,0.830629,208.129
2021,7,30,16,30,148,12.654,1.9,8.35116,-2099.62,1.78265532282604,0.964205,220.698
2021,7,30,17,0,148,12.654,1.9,9.32456,-4179.7,1.38666866987035,0.955642,226.372
2021,7,30,17,30,148,12.654,1.9,9.01421,-10481.6,1.41804090208992,0.967373,219.762
2021,7,30,18,0,148,12.654,1.9,7.85503,5632.89,1.50364556993994,0.772952,219.246
2021,7,30,18,30,148,12.654,1.9,8.92192,625.488,1.11023420952518,0.583662,209.055
2021,7,30,19,0,148,12.654,1.9,7.66991,2661.88,1.2541491139414,0.81099,207.724
2021,7,30,19,30,148,12.654,1.9,7.23898,1380.25,0.889521781633255,0.608141,212.229
2021,7,30,20,0,148,12.654,1.9,7.6189,836.477,1.09860365919653,0.580291,214.059
2021,7,30,20,30,148,12.654,1.9,7.74569,584.29,0.872691239786444,0.464254,209.101
2021,7,30,21,0,148,12.654,1.9,7.1465,449.589,0.987471518576612,0.526418,216.416
2021,7,30,21,30,148,12.654,1.9,6.51566,483.567,0.88230776943196,0.418016,213.021
2021,7,30,22,0,148,12.654,1.9,7.10785,236.199,0.720234683974606,0.391845,207.613
2021,7,30,22,30,148,12.654,1.9,7.17804,433.684,0.638596899460058,0.393748,202.926
2021,7,30,23,0,148,12.654,1.9,7.94782,501.086,0.619369841048141,0.402223,200.177
2021,7,30,23,30,148,12.654,1.9,7.60941,428.579,0.742061992019535,0.495173,197.067
2021,7,31,0,0,148,12.654,1.9,7.29814,261.302,0.588497238736088,0.380246,194.372
2021,7,31,0,30,148,12.654,1.9,6.30297,182.603,0.42727859763859,0.277237,197.817
2021,7,31,1,0,148,12.654,1.9,5.8694,136.141,0.570334989282615,0.208175,192.298
2021,7,31,1,30,148,12.654,1.9,6.05537,64.6982,0.332658984547239,0.168272,193.82
2021,7,31,2,0,148,12.654,1.9,6.02189,92.5096,0.261951903982391,0.150751,196.185
2021,7,31,3,0,148,12.654,1.9,5.65536,-521.523,0.448058031955683,0.154789,185.019
2021,7,31,3,30,148,12.654,1.9,6.2949,147.713,0.291612756922601,0.117332,188.602
2021,7,31,4,30,148,12.654,1.9,7.19555,-119.835,0.590419342501582,0.163264,185.21
2021,7,31,5,0,148,12.654,1.9,6.96549,-61.8843,0.765508327844969,0.112002,170.177
2021,7,31,5,30,148,12.654,1.9,6.95335,-296.191,0.454753779533497,0.233229,160.683
2021,7,31,6,0,148,12.654,1.9,6.97888,-41.6579,0.713897751782424,0.116407,154.65
2021,7,31,6,30,148,12.654,1.9,8.51827,23.8281,0.482332872609778,0.14027,141.651
2021,7,31,7,0,148,12.654,1.9,9.04066,27.5758,0.462542970976752,0.110372,146.246
2021,7,31,7,30,148,12.654,1.9,8.3194,52.4415,0.500575668605656,0.190057,139.887
2021,7,31,8,0,148,12.654,1.9,8.609,53.3431,0.637884785835185,0.206626,138.062
2021,7,31,8,30,148,12.654,1.9,7.70705,281.35,0.779363201594738,0.437035,130.482
2021,7,31,9,0,148,12.654,1.9,7.85937,826.685,0.86306894278499,0.501262,135.481
2021,7,31,9,30,148,12.654,1.9,6.47212,-395.99,0.997006018036,0.721265,129.371
2021,7,31,10,0,148,12.654,1.9,5.73463,-378.717,1.00204291325272,0.547052,144.065
2021,7,31,10,30,148,12.654,1.9,4.96282,10848.1,0.891834065283447,0.523453,146.741
2021,7,31,11,0,148,12.654,1.9,5.3615,-373.035,1.41828064923696,0.717288,148.521
2021,7,31,11,30,148,12.654,1.9,5.90811,-294.1,1.13435003416053,0.797079,165.423
2021,7,31,12,0,148,12.654,1.9,7.12288,-625.253,1.14518557448127,0.780183,155.306
2021,7,31,12,30,148,12.654,1.9,6.62319,-326.676,0.891361318433776,0.587177,145.155
2021,7,31,13,0,148,12.654,1.9,7.45743,-797.402,1.07396461766671,1.03636,147.575
2021,7,31,13,30,148,12.654,1.9,7.32988,-802.672,1.54529608813327,1.19957,137.339
2021,7,31,14,0,148,12.654,1.9,8.49801,-610.098,1.42828568570857,0.947721,159.19
2021,7,31,14,30,148,12.654,1.9,8.49595,-590.159,1.25457164004293,0.935878,165.065
2021,7,31,15,0,148,12.654,1.9,9.6686,-320.19,1.20682641668137,0.687377,156.031
2021,7,31,15,30,148,12.654,1.9,7.89511,-336.655,1.55598521843879,0.98156,152.818
2021,7,31,16,0,148,12.654,1.9,8.55791,-1250.16,1.2569606199082,0.971261,152.306
2021,7,31,16,30,148,12.654,1.9,8.60624,-653.472,1.52720332634525,1.25341,158.976
2021,7,31,17,0,148,12.654,1.9,6.5179,2418.67,1.37087198527069,0.980444,168.11
2021,7,31,17,30,148,12.654,1.9,7.41731,-3143.8,1.09706426429813,1.00731,161.707
2021,7,31,18,0,148,12.654,1.9,8.48113,537.577,1.14475324852127,0.660686,154.311
2021,7,31,18,30,148,12.654,1.9,6.4155,165.996,0.478202885813124,0.292273,167.577
2021,7,31,19,0,148,12.654,1.9,4.49416,-500.187,1.38312689222645,0.554692,148.051
2021,7,31,19,30,148,12.654,1.9,3.91791,457.219,0.704831185462164,0.410029,148.831
2021,7,31,20,0,148,12.654,1.9,3.5066,-563.852,0.586803203808568,0.309159,153.345
2021,7,31,20,30,148,12.654,1.9,3.74649,116.62,0.737187221810036,0.222202,164.127
2021,7,31,21,0,148,12.654,1.9,3.91425,-186.193,0.346271569725266,0.23899,187.329
2021,7,31,21,30,148,12.654,1.9,5.7333,3419.86,0.386547539120352,0.277595,191.868
2021,7,31,22,0,148,12.654,1.9,6.5727,119.161,0.455821236890077,0.257922,188.615
2021,7,31,22,30,148,12.654,1.9,7.66462,265.866,0.745075835066472,0.441259,187.445
2021,7,31,23,0,148,12.654,1.9,7.31087,296.508,1.21106564644531,0.407189,207.359
2021,7,31,23,30,148,12.654,1.9,7.2065,258.779,0.775185139176442,0.438185,217.737
2021,8,1,0,0,148,12.654,1.9,7.60701,280.12,0.799469824321093,0.373969,214.102
2021,8,1,0,30,148,12.654,1.9,7.76754,195.194,0.658034953478917,0.345782,211.233
2021,8,1,1,0,148,12.654,1.9,6.55075,295.897,0.633551102911202,0.308884,203.888
2021,8,1,1,30,148,12.654,1.9,7.37,230.235,0.737211638540792,0.44527,202.247
2021,8,1,2,0,148,12.654,1.9,8.09028,205.803,0.755456153591987,0.446049,210.892
2021,8,1,2,30,148,12.654,1.9,7.25186,93.0859,0.661305526969191,0.234659,200.397
2021,8,1,3,0,148,12.654,1.9,8.03476,92.9335,0.460982646094189,0.24718,193.77
2021,8,1,3,30,148,12.654,1.9,8.39814,152.738,0.596943883459744,0.311336,181.642
2021,8,1,4,0,148,12.654,1.9,8.1504,110.806,0.607495678996979,0.298076,182.328
2021,8,1,4,30,148,12.654,1.9,8.01959,161.456,0.590194035889893,0.350978,181.316
2021,8,1,5,0,148,12.654,1.9,8.36963,197.054,0.663442537074614,0.36659,183.06
2021,8,1,5,30,148,12.654,1.9,8.6551,280.415,0.765508327844969,0.424347,177.962
2021,8,1,6,0,148,12.654,1.9,8.65345,483.79,0.802678640552992,0.52525,178.709
2021,8,1,6,30,148,12.654,1.9,8.20503,417.1,0.826177946933952,0.520096,181.265
2021,8,1,7,0,148,12.654,1.9,8.7176,597.061,0.868422708132393,0.545787,180.291
2021,8,1,7,30,148,12.654,1.9,8.31641,-9614.72,0.996175687316248,0.714773,185.658
2021,8,1,8,0,148,12.654,1.9,8.1043,1762.97,0.94586679823324,0.500059,185.433
2021,8,1,8,30,148,12.654,1.9,7.22324,-1051.15,0.947507255908893,0.550686,189.541
2021,8,1,9,0,148,12.654,1.9,6.49379,-822.952,0.940264856303797,0.722719,186.686
2021,8,1,9,30,148,12.654,1.9,6.3753,-690.972,1.01210671374119,0.549055,195.961
2021,8,1,10,0,148,12.654,1.9,6.21905,-1989.23,1.06132935510142,0.686491,195.205
2021,8,1,10,30,148,12.654,1.9,6.99122,-963.343,1.17922432132313,0.626869,191.297
2021,8,1,11,0,148,12.654,1.9,6.23969,1550.47,0.940357910585113,0.534809,203.457
2021,8,1,11,30,148,12.654,1.9,5.46818,958.278,0.960833492338813,0.547791,196.15
2021,8,1,12,0,148,12.654,1.9,5.99025,-1341.48,1.98043682050198,0.721096,202.8
2021,8,1,12,30,148,12.654,1.9,5.99614,-474.511,1.37385224824215,0.69809,209.554
2021,8,1,13,0,148,12.654,1.9,5.44311,-220.886,1.77720285842669,0.815895,204.668
2021,8,1,13,30,148,12.654,1.9,6.77463,-335.141,1.01080166204849,0.809759,178.016
2021,8,1,14,0,148,12.654,1.9,7.21156,-297.943,1.39129076759677,0.886959,177.754
2021,8,1,14,30,148,12.654,1.9,5.26085,-2238.19,2.00415069293704,1.04224,218.255
2021,8,1,15,0,148,12.654,1.9,4.99539,-648.32,1.20952470003717,0.862447,236.125
2021,8,1,15,30,148,12.654,1.9,4.35243,-1434.79,1.05379314858278,0.855584,225.668
2021,8,1,16,0,148,12.654,1.9,5.12806,-208.709,1.46368029296018,0.692714,219.86
2021,8,1,16,30,148,12.654,1.9,4.85768,-114.694,0.848271183054099,0.359958,201.932
2021,8,1,17,0,148,12.654,1.9,4.8463,-359.587,1.21863858465092,0.849026,207.378
2021,8,1,17,30,148,12.654,1.9,4.46043,-2127.02,0.922058566469614,0.584989,219.662
2021,8,1,18,0,148,12.654,1.9,5.15154,-478.232,0.850795510096286,0.398047,233.786
2021,8,1,18,30,148,12.654,1.9,4.52003,1589.18,0.679254002564578,0.453828,220.709
2021,8,1,19,0,148,12.654,1.9,3.98239,436.565,0.61427192675557,0.525803,224.144
2021,8,1,19,30,148,12.654,1.9,2.33733,235.316,0.358167558553256,0.266013,218.622
2021,8,1,20,0,148,12.654,1.9,2.99337,706.189,0.664795457264864,0.349514,209.999
2021,8,1,20,30,148,12.654,1.9,2.80215,313.646,0.259453849460747,0.221907,194.29
2021,8,1,21,0,148,12.654,1.9,3.32738,-355.218,0.218014449062442,0.166556,196.836
2021,8,1,21,30,148,12.654,1.9,5.693,-752.29,0.316400063211119,0.433331,197.098
2021,8,1,22,0,148,12.654,1.9,7.17043,-303.48,0.390371617820763,0.23959,202.91
2021,8,1,22,30,148,12.654,1.9,7.12571,283.566,0.498127493720232,0.243389,204.25
2021,8,1,23,0,148,12.654,1.9,6.80416,105.494,0.704323789176541,0.187032,204.78
2021,8,1,23,30,148,12.654,1.9,7.82576,262.874,0.78826391519592,0.38383,207.369
2021,8,2,0,0,148,12.654,1.9,6.53246,215.397,0.617667386220124,0.300512,210.029
2021,8,2,0,30,148,12.654,1.9,7.2635,74.8026,0.438944187796125,0.254797,207.461
2021,8,2,1,0,148,12.654,1.9,7.76655,44.2655,0.365284820379933,0.165237,200.076
2021,8,2,1,30,148,12.654,1.9,8.18568,66.6405,0.603647247985113,0.199943,201.61
2021,8,2,2,0,148,12.654,1.9,7.49407,81.2503,0.657075338146243,0.215258,198.525
2021,8,2,2,30,148,12.654,1.9,7.36973,51.162,0.3732546047941,0.199743,193.36
2021,8,2,3,0,148,12.654,1.9,7.82139,50.5479,0.576157096632507,0.195657,188.185
2021,8,2,3,30,148,12.654,1.9,8.39286,57.681,0.415063850509774,0.191304,179.078
2021,8,2,4,0,148,12.654,1.9,8.57144,88.7653,0.500702506484639,0.263557,178.575
2021,8,2,4,30,148,12.654,1.9,8.01243,72.5961,0.57337683943459,0.24886,180.832
2021,8,2,5,0,148,12.654,1.9,8.21714,82.7854,0.529042531371534,0.276168,179.314
2021,8,2,5,30,148,12.654,1.9,7.85351,386.898,0.708152525943387,0.508401,176.133
2021,8,2,6,0,148,12.654,1.9,7.4072,349.821,0.848878083119125,0.544331,175.929
2021,8,2,6,30,148,12.654,1.9,8.08059,279.974,0.873634362877285,0.498572,172.865
2021,8,2,7,0,148,12.654,1.9,7.97586,737.592,0.976660637068987,0.572575,171.161
2021,8,2,7,30,148,12.654,1.9,7.78357,2334.52,0.985565827329661,0.604456,172.216
2021,8,2,8,0,148,12.654,1.9,8.26383,615.916,0.971082385794326,0.555915,176.259
2021,8,2,8,30,148,12.654,1.9,7.86274,563.765,1.01291164471537,0.598136,185.541
2021,8,2,9,0,148,12.654,1.9,7.77435,910.343,1.17386966908597,0.659193,191.897
2021,8,2,9,30,148,12.654,1.9,7.83446,2056.72,1.31714084288659,0.687983,205.255
2021,8,2,10,0,148,12.654,1.9,7.87608,-891.792,1.34111893581442,0.802863,214.775
2021,8,2,10,30,148,12.654,1.9,8.82648,-825.27,2.16217020606612,0.871046,230.667
2021,8,2,11,0,148,12.654,1.9,7.39817,-850.78,1.33600149700515,0.776874,231.352
2021,8,2,11,30,148,12.654,1.9,6.69636,-140.583,1.18602698114335,0.606291,244.944
2021,8,2,12,0,148,12.654,1.9,6.66984,-417.006,1.31775946211742,0.870592,256.218
2021,8,2,12,30,148,12.654,1.9,7.47044,-728.415,0.852640017826984,0.821662,262.251
2021,8,2,13,0,148,12.654,1.9,8.89562,-100.367,0.963984958388874,0.419311,257.451
2021,8,2,13,30,148,12.654,1.9,6.81902,-425.845,1.19304232950889,1.00782,263.94
2021,8,2,14,0,148,12.654,1.9,6.85506,-853.998,1.58796410538778,1.23301,256.067
2021,8,2,14,30,148,12.654,1.9,7.28451,-1202.92,1.11413643688733,0.741387,239.134
2021,8,2,15,0,148,12.654,1.9,7.26131,-1319.37,1.40155984531521,0.758742,254.935
2021,8,2,15,30,148,12.654,1.9,7.54767,-1523.65,1.38036951574569,0.868146,256.13
2021,8,2,16,0,148,12.654,1.9,7.52479,-1258.74,1.16639187239967,1.10643,253.395
2021,8,2,16,30,148,12.654,1.9,9.68372,-8120.11,1.08862757635474,0.554641,250.954
2021,8,2,17,0,148,12.654,1.9,9.38345,-487.407,0.931092906212909,0.656375,250.379
2021,8,2,17,30,148,12.654,1.9,10.1761,-812.54,1.17489999574432,0.83104,254.603
2021,8,2,18,0,148,12.654,1.9,8.33064,-1042.52,1.09654457273747,0.966692,253.201
2021,8,2,18,30,148,12.654,1.9,8.66315,-889.426,0.820471815481799,0.529235,250.779
2021,8,2,19,0,148,12.654,1.9,7.26038,-2268.09,0.735486913547753,0.532443,254.849
2021,8,2,19,30,148,12.654,1.9,5.25887,46558.2,0.738253344049318,0.597537,259.216
2021,8,2,20,0,148,12.654,1.9,5.24983,-2234.83,0.527688354997531,0.390141,248.466
2021,8,2,20,30,148,12.654,1.9,6.18705,454.302,0.380028946265939,0.229574,249.981
2021,8,2,21,0,148,12.654,1.9,7.26816,166.833,0.643165608533292,0.257313,239.399
2021,8,2,21,30,148,12.654,1.9,7.87273,-183.279,0.617678719076512,0.126102,242.27
2021,8,2,22,0,148,12.654,1.9,7.62522,-58.9749,0.389247992929957,0.136843,242.701
2021,8,2,22,30,148,12.654,1.9,7.67182,-168.664,0.389590810979931,0.152959,246.233
2021,8,2,23,0,148,12.654,1.9,7.77925,-93.8275,0.305795192898777,0.148714,241.696
2021,8,2,23,30,148,12.654,1.9,7.17673,-80.0127,0.360373417443629,0.164115,244.728
2021,8,3,5,0,148,12.654,1.9,5.79236,-269.279,0.564527235835438,0.183399,239.7
2021,8,3,5,30,148,12.654,1.9,5.92938,-388.442,0.277174313384195,0.159183,242.066
2021,8,3,6,0,148,12.654,1.9,6.46277,-45.057,0.622701373051321,0.192609,243.241
2021,8,3,6,30,148,12.654,1.9,5.1527,-75.9829,0.539192915383724,0.16114,245.498
2021,8,3,7,0,148,12.654,1.9,3.64579,276.68,0.642604855257101,0.237598,239.938
2021,8,3,7,30,148,12.654,1.9,3.03522,-233.957,0.350499643366438,0.15739,207.65
2021,8,3,8,0,148,12.654,1.9,2.16115,283.262,0.576228253385757,0.317921,184.445
2021,8,3,8,30,148,12.654,1.9,1.34428,-373.95,0.625465426702388,0.395931,192.754
2021,8,3,9,0,148,12.654,1.9,2.4063,-473.475,0.673382506455284,0.464969,194.32
2021,8,3,9,30,148,12.654,1.9,3.05406,-134.44,0.758086406684621,0.520737,196.365
2021,8,3,10,0,148,12.654,1.9,2.37973,-75.2529,1.01701524079042,0.580533,203.866
2021,8,3,10,30,148,12.654,1.9,3.80516,-97.7801,0.816407986242173,0.748697,223.876
2021,8,3,11,0,148,12.654,1.9,3.02232,-269.16,0.881707434470188,0.558313,244.774
2021,8,3,11,30,148,12.654,1.9,2.48953,-174.657,0.918206948350969,0.522609,238.468
2021,8,3,12,0,148,12.654,1.9,1.84257,-640.963,1.66518167177038,0.865698,270.985
2021,8,3,12,30,148,12.654,1.9,1.85791,-56.5114,0.611062189961055,0.320501,349.812
2021,8,3,13,0,148,12.654,1.9,2.22441,-226.071,0.526571932408099,0.263855,325.787
2021,8,3,13,30,148,12.654,1.9,3.20125,-87785,0.872305565727974,0.437455,269.007
2021,8,3,14,0,148,12.654,1.9,1.80527,-513.435,0.812312747653267,0.514458,238.431
2021,8,3,14,30,148,12.654,1.9,2.02405,-374.667,0.507020709636204,0.369396,269.388
2021,8,3,15,0,148,12.654,1.9,1.21204,-20.7779,0.731143624741405,0.330116,269.707
2021,8,3,15,30,148,12.654,1.9,2.32433,-159.396,1.00158873795585,0.569193,224.779
2021,8,3,16,0,148,12.654,1.9,2.3083,-156.982,0.979718326867473,0.631773,229.418
2021,8,3,16,30,148,12.654,1.9,2.76572,-46.0869,0.912373826893341,0.345243,202.945
2021,8,3,17,0,148,12.654,1.9,2.82639,-79.9419,0.559312077466597,0.344111,199.034
2021,8,3,17,30,148,12.654,1.9,3.07039,-213.66,0.815502912318528,0.359244,224.363
2021,8,3,18,0,148,12.654,1.9,2.49934,-286.279,1.49310749780449,0.604197,264.618
2021,8,3,18,30,148,12.654,1.9,2.03132,-2424.79,0.513392637267034,0.51146,237.804
2021,8,3,19,0,148,12.654,1.9,1.89197,811.754,0.71463347248782,0.484189,249.484
2021,8,4,6,0,148,12.654,1.9,3.4999,-60.1377,0.214137572602288,0.146929,253.464
2021,8,4,6,30,148,12.654,1.9,3.59214,-36.4855,0.299453001320741,0.126205,239.484
2021,8,4,7,30,148,12.654,1.9,3.99428,-42.2809,0.26175733036536,0.186532,230.254
2021,8,4,8,0,148,12.654,1.9,3.00681,363.771,0.483977272193643,0.613255,231.38
2021,8,4,8,30,148,12.654,1.9,2.48841,-193.112,0.633459548826916,0.451467,236.202
2021,8,4,9,0,148,12.654,1.9,2.0136,-174.209,0.758758196001862,0.643491,232.836
2021,8,4,9,30,148,12.654,1.9,2.35029,-37.3552,0.992978851738545,0.414334,233.358
2021,8,4,10,0,148,12.654,1.9,2.81014,-37.8369,1.0940612414303,0.338082,229.318
2021,8,4,10,30,148,12.654,1.9,2.9916,-44.7227,1.29939986147452,0.433762,199.239
2021,8,4,11,0,148,12.654,1.9,2.95802,-141.274,0.929179745797335,0.587438,220.452
2021,8,4,11,30,148,12.654,1.9,2.69292,-55.5309,1.01534723124653,0.537177,217.634
2021,8,4,12,0,148,12.654,1.9,2.2192,-106.323,1.08204898225542,0.671385,208.436
2021,8,4,14,30,148,12.654,1.9,0.835192,-63.4776,0.450470864762639,0.221482,220.594
2021,8,4,15,0,148,12.654,1.9,1.42229,-819.477,0.951118289173329,0.821115,169.906
2021,8,4,16,0,148,12.654,1.9,2.95193,-45.7567,0.96504973965076,0.373874,249.005
2021,8,4,16,30,148,12.654,1.9,3.76496,-66.3755,1.02997572786935,0.569063,260.17
2021,8,4,17,0,148,12.654,1.9,3.71191,-54.4861,1.05865480681854,0.480252,239.859
2021,8,4,17,30,148,12.654,1.9,3.61708,-48.2998,0.800630376640807,0.396275,246.082
2021,8,4,18,0,148,12.654,1.9,4.21914,-131.312,0.929344930582827,0.374887,250.589
2021,8,4,18,30,148,12.654,1.9,3.85251,-425.357,0.852722111827763,0.503169,257.373
2021,8,4,19,0,148,12.654,1.9,4.00296,-93.1118,0.71689608730973,0.33514,261.898
2021,8,4,19,30,148,12.654,1.9,3.33645,-3216.09,0.631124393443955,0.393851,277.447
2021,8,5,7,30,148,12.654,1.9,3.65144,-47.3725,0.281351559441209,0.127906,19.4302
2021,8,5,8,30,148,12.654,1.9,3.30275,-97.2318,0.287536084691991,0.319269,30.57
2021,8,5,9,0,148,12.654,1.9,2.28666,-22.6938,0.426105620709232,0.249321,32.8453
2021,8,5,9,30,148,12.654,1.9,2.49901,-16.9319,0.546404611986392,0.316312,31.7483
2021,8,5,10,0,148,12.654,1.9,2.1946,-74.5006,0.705830716248592,0.469718,49.7796
2021,8,5,10,30,148,12.654,1.9,1.83879,-16.9986,0.970821301785246,0.287749,61.171
2021,8,5,11,0,148,12.654,1.9,3.18705,-11.0325,0.750336591137604,0.355508,61.8472
2021,8,5,11,30,148,12.654,1.9,3.22678,-46.5226,1.07398789564874,0.44732,61.3978
2021,8,5,12,0,148,12.654,1.9,3.50142,-30.3508,1.0403941560774,0.409113,38.3953
2021,8,5,12,30,148,12.654,1.9,3.6445,-14.0853,1.07799350647395,0.326661,57.2969
2021,8,5,13,0,148,12.654,1.9,4.29332,-312.222,1.00902428117464,0.968494,46.2168
2021,8,5,13,30,148,12.654,1.9,3.89685,-19.4154,1.14410663838647,0.323467,44.0293
2021,8,5,14,0,148,12.654,1.9,3.72364,-87.1127,1.29955376956862,0.737419,38.7532
2021,8,5,14,30,148,12.654,1.9,4.73192,-80.0573,1.14890382539184,0.38128,66.9818
2021,8,5,15,0,148,12.654,1.9,4.57354,-86.5657,0.918848192031741,0.326122,64.6495
2021,8,5,15,30,148,12.654,1.9,4.7689,-37.3324,0.839026221282744,0.378747,77.8252
2021,8,5,16,0,148,12.654,1.9,5.38061,-42.129,0.85802505790915,0.462253,62.0534
2021,8,5,16,30,148,12.654,1.9,6.20598,-87.1854,0.726565895153358,0.445206,64.0145
2021,8,5,17,30,148,12.654,1.9,6.79164,-96.4319,0.78339326011908,0.336137,63.0589
2021,8,5,18,0,148,12.654,1.9,6.52968,-211.932,0.814444596028484,0.460069,70.4388
2021,8,5,18,30,148,12.654,1.9,7.1308,-82.3279,0.638860704692345,0.270422,69.3036
2021,8,5,19,0,148,12.654,1.9,7.20922,-197.737,0.724398371063878,0.508142,68.1814
2021,8,5,19,30,148,12.654,1.9,7.04459,544.859,0.549086514130515,0.339403,67.7566
2021,8,5,20,0,148,12.654,1.9,6.62072,-305.815,0.611473629848418,0.493962,56.0527
2021,8,5,20,30,148,12.654,1.9,7.04033,120.1,0.345234702774794,0.19749,59.1614
2021,8,5,21,0,148,12.654,1.9,6.29978,594.024,0.327476716729602,0.143085,51.4871
2021,8,5,22,0,148,12.654,1.9,8.7328,-170.548,0.455148327471386,0.169227,47.4559
2021,8,5,23,30,148,12.654,1.9,10.2398,32.6297,0.292450166695114,0.117919,47.5118
2021,8,6,2,0,148,12.654,1.9,11.3057,30.8214,0.239665183120119,0.100328,38.1932
2021,8,6,6,0,148,12.654,1.9,11.7805,19.0613,0.427837586006653,0.169559,33.4524
2021,8,6,6,30,148,12.654,1.9,11.4539,39.417,0.517937254887115,0.242189,32.8401
2021,8,6,7,0,148,12.654,1.9,10.0248,104.141,0.604088569665078,0.422513,32.5964
2021,8,6,7,30,148,12.654,1.9,8.81399,236.638,0.820827021972352,0.549266,35.3819
2021,8,6,8,0,148,12.654,1.9,6.99851,285.226,0.765013071783744,0.455311,41.2032
2021,8,6,8,30,148,12.654,1.9,5.3513,-2839.04,0.70743338909045,0.46195,46.9395
2021,8,6,9,0,148,12.654,1.9,5.32026,-1751.73,0.656373369356192,0.510239,42.082
2021,8,6,9,30,148,12.654,1.9,4.97668,-3003.43,0.725507408645839,0.656089,46.2214
2021,8,6,10,0,148,12.654,1.9,6.2154,-575.1,0.883901012557402,0.668175,42.8253
2021,8,6,10,30,148,12.654,1.9,7.08937,-180.214,0.702765252413635,0.576573,39.8508
2021,8,6,11,0,148,12.654,1.9,7.34042,-269.812,0.983319886913714,0.966712,48.5347
2021,8,6,11,30,148,12.654,1.9,8.21227,-349.402,1.33014284947144,1.08243,50.6155
2021,8,6,12,0,148,12.654,1.9,7.86026,-205.267,1.50891020276225,0.675879,57.845
2021,8,6,12,30,148,12.654,1.9,9.22797,-418.693,0.898629512090494,0.715298,56.8168
2021,8,6,13,0,148,12.654,1.9,9.60926,-269.895,1.02403124952318,0.646581,60.1226
2021,8,6,13,30,148,12.654,1.9,10.0547,-182.784,1.11930782182561,0.650778,63.7337
2021,8,6,14,0,148,12.654,1.9,10.1086,-207.519,1.05443823906382,0.6212,57.994
2021,8,6,14,30,148,12.654,1.9,10.5148,-374.194,1.51963153428718,0.963233,68.0313
2021,8,6,15,0,148,12.654,1.9,11.5635,-344.336,1.20021248118823,0.846298,56.8345
2021,8,6,15,30,148,12.654,1.9,10.3739,-422.448,1.29903040765026,0.982701,60.8549
2021,8,6,16,0,148,12.654,1.9,9.99546,-274.396,1.0304756183433,0.837937,70.5946
2021,8,6,16,30,148,12.654,1.9,10.2602,-210.087,0.871419531569037,0.537254,65.0676
2021,8,6,17,0,148,12.654,1.9,9.96105,-286.573,1.11970531837622,0.488598,65.2946
2021,8,6,17,30,148,12.654,1.9,9.37632,-187.858,0.93462184866394,0.468571,64.3611
2021,8,6,18,0,148,12.654,1.9,8.20474,-6445.9,0.713797590357379,0.462856,64.9605
2021,8,6,18,30,148,12.654,1.9,7.26523,2206.6,0.697976360631218,0.436858,70.7015
2021,8,6,19,0,148,12.654,1.9,6.7557,450.059,0.715689178344901,0.367591,71.1554
2021,8,6,19,30,148,12.654,1.9,6.88962,764.404,0.586822801193001,0.395239,69.6534
2021,8,6,20,0,148,12.654,1.9,7.53572,385.821,0.604672638706267,0.423707,68.0424
2021,8,6,20,30,148,12.654,1.9,7.7609,261.474,0.484927829681902,0.329196,69.6961
2021,8,6,21,0,148,12.654,1.9,8.21483,56.7873,0.318392839115455,0.164854,71.051
2021,8,6,22,0,148,12.654,1.9,9.17805,32.0024,0.196132353271968,0.105696,69.2902
2021,8,6,22,30,148,12.654,1.9,8.95127,40.4465,0.174576344331069,0.102391,69.1926
2021,8,7,0,0,148,12.654,1.9,7.4463,39.395,1.45457210202863,0.118175,57.6187
2021,8,7,7,0,148,12.654,1.9,7.67439,139.322,0.341187631663283,0.207357,56.5903
2021,8,7,8,30,148,12.654,1.9,3.5316,-341.421,0.497125738621528,0.65952,63.6375
2021,8,7,9,0,148,12.654,1.9,3.62746,123.889,0.560391827206643,0.331437,62.3699
2021,8,7,9,30,148,12.654,1.9,3.95743,-72.6816,0.636173718413453,0.330425,69.3408
2021,8,7,10,0,148,12.654,1.9,4.16932,212.396,0.602016611066505,0.141012,82.3276
2021,8,7,10,30,148,12.654,1.9,3.17451,659.609,0.717803594306966,0.190096,102.736
2021,8,7,11,0,148,12.654,1.9,1.93556,-25.9395,0.517452413271018,0.231329,80.5963
2021,8,7,11,30,148,12.654,1.9,1.95725,-27.6112,0.890688497736442,0.218929,91.4975
2021,8,7,12,0,148,12.654,1.9,2.48378,-267.645,1.71195794340866,0.255645,88.6838
2021,8,7,12,30,148,12.654,1.9,2.96901,-89.6026,0.702687697344987,0.606771,65.3543
2021,8,7,13,0,148,12.654,1.9,3.47862,-158,0.748296064402319,0.430045,76.5621
2021,8,7,13,30,148,12.654,1.9,3.66102,-90.7253,0.856774766201713,0.371011,73.3545
2021,8,7,14,0,148,12.654,1.9,5.0729,-57.3142,0.849682882021287,0.358412,91.3999
2021,8,7,14,30,148,12.654,1.9,5.29305,-28.7952,1.10613290340718,0.348079,95.9678
2021,8,7,15,0,148,12.654,1.9,4.65803,-87.33,1.32109802815688,0.637536,93.8518
2021,8,7,15,30,148,12.654,1.9,4.75853,-195.543,0.723534380662039,0.560257,118.56
2021,8,7,16,0,148,12.654,1.9,5.26953,-284.245,0.854609852505809,0.748857,109.614
2021,8,7,16,30,148,12.654,1.9,3.56461,753.049,0.630480768937483,0.473709,100.882
2021,8,7,17,0,148,12.654,1.9,2.98625,-2962.28,0.572711969492519,0.475792,85.354
2021,8,7,17,30,148,12.654,1.9,2.25159,-347.568,1.35692667451119,0.803463,187.198
2021,8,7,18,0,148,12.654,1.9,1.54093,523.011,0.797460343841623,0.636314,198.497
2021,8,7,18,30,148,12.654,1.9,1.89819,-1020.05,0.606928331848168,0.444668,230.605
2021,8,7,19,0,148,12.654,1.9,2.1599,-180.344,0.830553429948971,0.701655,335.689
2021,8,7,21,30,148,12.654,1.9,4.95819,1624.79,0.542961324589514,0.148627,99.5123
2021,8,7,22,0,148,12.654,1.9,5.45166,109.33,0.448014508693636,0.159323,109.255
2021,8,7,22,30,148,12.654,1.9,6.33357,-165.668,0.661673635563636,0.126467,118.073
2021,8,7,23,0,148,12.654,1.9,5.48418,-136.523,0.423966979846308,0.197731,128.134
2021,8,7,23,30,148,12.654,1.9,8.00928,-67.2703,0.644696827974204,0.106206,127.077
